source_id,institution,dataset,series_or_chart_id,variable,frequency,unit,known_start,known_end,publication_lag,access,credentials,status,notes
cmf_npl90_consumption_system,CMF,APIBEST,CMF_CONT_MOR_90DMAS_CONSOL_CCS_STO_RAZ_PORC_MONT,Morosidad 90+ días cartera de consumo sistema bancario,monthly,percent,2014-03,2026-06,approximately one month,REST API,x-api-key,coverage confirmed,Cuadro CMF_CONT_MOR_90DMAS_CONSOL_STO_RAZ_PORC_MONT; 148 observaciones sin meses faltantes; calendario histórico de publicación pendiente
bcch_imacec_sa,Banco Central de Chile,BDE,F032.IMC.IND.Z.Z.EP18.Z.Z.1.M,IMACEC empalmado desestacionalizado,monthly,index 2018=100,1996-01,2026-06,conservative t+2 day 5,REST API,user and password,coverage confirmed,Latest vintage; 148 de 148 meses objetivo
bcch_ipc_yoy,Banco Central de Chile,BDE,G073.IPC.V12.2023.M,IPC general variación anual empalmada,monthly,percent,1999-12,2026-07,conservative t+1 day 15,REST API,user and password,coverage confirmed,Latest vintage; 148 de 148 meses objetivo
bcch_unemployment,Banco Central de Chile,BDE,F049.DES.TAS.HIST.10.M,Tasa de desocupación nacional histórica,monthly,percent,1986-02,2026-06,conservative t+2 day 5,REST API,user and password,coverage confirmed,Latest vintage; 148 de 148 meses objetivo
bcch_tpm,Banco Central de Chile,BDE,F022.TPM.TIN.D001.NO.Z.M,TPM promedio simple mensual,monthly,percent,1995-05,2026-07,conservative t+1 day 15,REST API,user and password,coverage confirmed,148 de 148 meses objetivo
bcch_usdclp,Banco Central de Chile,BDE,F073.TCO.PRE.HIST.M,Tipo de cambio dólar observado promedio mensual,monthly,CLP per USD,1960-01,2026-07,conservative t+1 day 15,REST API,user and password,coverage confirmed,148 de 148 meses objetivo
bcch_consumer_rate,Banco Central de Chile,BDE,F022.CON.TIP.Z.NO.Z.M,Tasa de interés promedio créditos de consumo total,monthly,percent,2002-01,2026-07,conservative t+1 day 15,REST API,user and password,coverage confirmed,148 de 148 meses objetivo
bcch_real_consumer_loans,Banco Central de Chile,BDE,F022.CON.STO.TP.Z.P96R23.M,Colocaciones reales de consumo,monthly,real stock base 2023,1986-01,2026-07,conservative t+1 day 15,REST API,user and password,coverage confirmed,Latest vintage; 148 de 148 meses objetivo
bcch_real_m1,Banco Central de Chile,BDE,F021.M1.PRO.R.P96R23.5.M,M1 promedio real,monthly,real CLP billions base 2023,1986-01,2026-07,conservative t+1 day 15,REST API,user and password,coverage confirmed,Latest vintage; 148 de 148 meses objetivo
