fold_id,observation_date,forecast_issue_date,target_date_h6,model,actual_change_pp_h6,predicted_change_pp_h6,error_pp,training_rows,purged_rows,evaluated_split
1,2020-03-01,2020-04-29,2020-09-01,zero_change,-0.6341404313975503,0.0,0.6341404313975503,55,5,development
1,2020-03-01,2020-04-29,2020-09-01,last_observed_change,-0.6341404313975503,0.2526547894190303,0.8867952208165806,55,5,development
1,2020-03-01,2020-04-29,2020-09-01,moving_average_change_12,-0.6341404313975503,0.17949200858338085,0.8136324399809312,55,5,development
1,2020-03-01,2020-04-29,2020-09-01,seasonal_naive_change_12,-0.6341404313975503,0.09678037484866975,0.73092080624622,55,5,development
1,2020-03-01,2020-04-29,2020-09-01,autoregressive_ols,-0.6341404313975503,-0.01908545953488061,0.6150549718626697,55,5,development
1,2020-04-01,2020-05-28,2020-10-01,zero_change,-1.09601921657932,0.0,1.09601921657932,56,5,development
1,2020-04-01,2020-05-28,2020-10-01,last_observed_change,-1.09601921657932,0.27022126064922025,1.3662404772285404,56,5,development
1,2020-04-01,2020-05-28,2020-10-01,moving_average_change_12,-1.09601921657932,0.1962495345322325,1.2922687511115527,56,5,development
1,2020-04-01,2020-05-28,2020-10-01,seasonal_naive_change_12,-1.09601921657932,0.20595574751378987,1.30197496409311,56,5,development
1,2020-04-01,2020-05-28,2020-10-01,autoregressive_ols,-1.09601921657932,0.07861307177508453,1.1746322883544047,56,5,development
1,2020-05-01,2020-06-26,2020-11-01,zero_change,-1.3049315249515,0.0,1.3049315249515,57,5,development
1,2020-05-01,2020-06-26,2020-11-01,last_observed_change,-1.3049315249515,0.29400008273358,1.5989316076850801,57,5,development
1,2020-05-01,2020-06-26,2020-11-01,moving_average_change_12,-1.3049315249515,0.2066510842078617,1.5115826091593618,57,5,development
1,2020-05-01,2020-06-26,2020-11-01,seasonal_naive_change_12,-1.3049315249515,0.3240781662129102,1.6290096911644103,57,5,development
1,2020-05-01,2020-06-26,2020-11-01,autoregressive_ols,-1.3049315249515,0.21212829903317126,1.5170598239846713,57,5,development
1,2020-06-01,2020-07-30,2020-12-01,zero_change,-1.39740932498328,0.0,1.39740932498328,58,5,development
1,2020-06-01,2020-07-30,2020-12-01,last_observed_change,-1.39740932498328,0.31944542089935,1.71685474588263,58,5,development
1,2020-06-01,2020-07-30,2020-12-01,moving_average_change_12,-1.39740932498328,0.22487416391873338,1.6222834889020135,58,5,development
1,2020-06-01,2020-07-30,2020-12-01,seasonal_naive_change_12,-1.39740932498328,0.3241801137933602,1.7215894387766402,58,5,development
1,2020-06-01,2020-07-30,2020-12-01,autoregressive_ols,-1.39740932498328,0.31357924098219614,1.7109885659654762,58,5,development
1,2020-07-01,2020-08-28,2021-01-01,zero_change,-1.2670887659265202,0.0,1.2670887659265202,59,5,development
1,2020-07-01,2020-08-28,2021-01-01,last_observed_change,-1.2670887659265202,0.22818593484504035,1.4952747007715605,59,5,development
1,2020-07-01,2020-08-28,2021-01-01,moving_average_change_12,-1.2670887659265202,0.23483764730303838,1.5019264132295587,59,5,development
1,2020-07-01,2020-08-28,2021-01-01,seasonal_naive_change_12,-1.2670887659265202,0.24916298781920965,1.5162517537457298,59,5,development
1,2020-07-01,2020-08-28,2021-01-01,autoregressive_ols,-1.2670887659265202,0.30848293191894105,1.5755716978454612,59,5,development
1,2020-08-01,2020-09-29,2021-02-01,zero_change,-0.83722928536067,0.0,0.83722928536067,60,5,development
1,2020-08-01,2020-09-29,2021-02-01,last_observed_change,-0.83722928536067,-0.21993371536433015,0.6172955699963398,60,5,development
1,2020-08-01,2020-09-29,2021-02-01,moving_average_change_12,-0.83722928536067,0.2235429098628734,1.0607721952235434,60,5,development
1,2020-08-01,2020-09-29,2021-02-01,seasonal_naive_change_12,-0.83722928536067,0.3377837549846503,1.1750130403453203,60,5,development
1,2020-08-01,2020-09-29,2021-02-01,autoregressive_ols,-0.83722928536067,0.2531636409538156,1.0903929263144856,60,5,development
1,2020-09-01,2020-10-29,2021-03-01,zero_change,-0.51369192899325,0.0,0.51369192899325,61,5,development
1,2020-09-01,2020-10-29,2021-03-01,last_observed_change,-0.51369192899325,-0.6341404313975503,-0.12044850240430027,61,5,development
1,2020-09-01,2020-10-29,2021-03-01,moving_average_change_12,-0.51369192899325,0.1626328426756884,0.6763247716689385,61,5,development
1,2020-09-01,2020-10-29,2021-03-01,seasonal_naive_change_12,-0.51369192899325,0.2526547894190303,0.7663467184122803,61,5,development
1,2020-09-01,2020-10-29,2021-03-01,autoregressive_ols,-0.51369192899325,-0.08257380146613524,0.43111812752711476,61,5,development
1,2020-10-01,2020-11-27,2021-04-01,zero_change,-0.16340529418581995,0.0,0.16340529418581995,62,5,development
1,2020-10-01,2020-11-27,2021-04-01,last_observed_change,-0.16340529418581995,-1.09601921657932,-0.9326139223935002,62,5,development
1,2020-10-01,2020-11-27,2021-04-01,moving_average_change_12,-0.16340529418581995,0.054134929001262565,0.21754022318708252,62,5,development
1,2020-10-01,2020-11-27,2021-04-01,seasonal_naive_change_12,-0.16340529418581995,0.27022126064922025,0.4336265548350402,62,5,development
1,2020-10-01,2020-11-27,2021-04-01,autoregressive_ols,-0.16340529418581995,-0.22443442791330925,-0.061029133727489304,62,5,development
1,2020-11-01,2020-12-30,2021-05-01,zero_change,-0.06968619823708999,0.0,0.06968619823708999,63,5,development
1,2020-11-01,2020-12-30,2021-05-01,last_observed_change,-0.06968619823708999,-1.3049315249515,-1.2352453267144101,63,5,development
1,2020-11-01,2020-12-30,2021-05-01,moving_average_change_12,-0.06968619823708999,-0.08161587859577163,-0.011929680358681638,63,5,development
1,2020-11-01,2020-12-30,2021-05-01,seasonal_naive_change_12,-0.06968619823708999,0.29400008273358,0.36368628097067,63,5,development
1,2020-11-01,2020-12-30,2021-05-01,autoregressive_ols,-0.06968619823708999,-0.3802077506140886,-0.31052155237699863,63,5,development
1,2020-12-01,2021-01-28,2021-06-01,zero_change,-0.054404430332060105,0.0,0.054404430332060105,64,5,development
1,2020-12-01,2021-01-28,2021-06-01,last_observed_change,-0.054404430332060105,-1.39740932498328,-1.3430048946512199,64,5,development
1,2020-12-01,2021-01-28,2021-06-01,moving_average_change_12,-0.054404430332060105,-0.22508166516049166,-0.17067723482843156,64,5,development
1,2020-12-01,2021-01-28,2021-06-01,seasonal_naive_change_12,-0.054404430332060105,0.31944542089935,0.3738498512314101,64,5,development
1,2020-12-01,2021-01-28,2021-06-01,autoregressive_ols,-0.054404430332060105,-0.42007088180403684,-0.36566645147197674,64,5,development
1,2021-01-01,2021-02-25,2021-07-01,zero_change,-0.11755956372665,0.0,0.11755956372665,65,5,development
1,2021-01-01,2021-02-25,2021-07-01,last_observed_change,-0.11755956372665,-1.2670887659265202,-1.1495292021998702,65,5,development
1,2021-01-01,2021-02-25,2021-07-01,moving_average_change_12,-0.11755956372665,-0.35143597797263576,-0.23387641424598576,65,5,development
1,2021-01-01,2021-02-25,2021-07-01,seasonal_naive_change_12,-0.11755956372665,0.22818593484504035,0.34574549857169035,65,5,development
1,2021-01-01,2021-02-25,2021-07-01,autoregressive_ols,-0.11755956372665,-0.20837916110329324,-0.09081959737664325,65,5,development
1,2021-02-01,2021-03-30,2021-08-01,zero_change,-0.23500201701446,0.0,0.23500201701446,66,5,development
1,2021-02-01,2021-03-30,2021-08-01,last_observed_change,-0.23500201701446,-0.83722928536067,-0.60222726834621,66,5,development
1,2021-02-01,2021-03-30,2021-08-01,moving_average_change_12,-0.23500201701446,-0.4493537313347458,-0.21435171432028582,66,5,development
1,2021-02-01,2021-03-30,2021-08-01,seasonal_naive_change_12,-0.23500201701446,-0.21993371536433015,0.015068301650129845,66,5,development
1,2021-02-01,2021-03-30,2021-08-01,autoregressive_ols,-0.23500201701446,0.1331567586341862,0.3681587756486462,66,5,development
2,2021-03-01,2021-04-29,2021-09-01,zero_change,-0.25922807384318003,0.0,0.25922807384318003,67,5,development
2,2021-03-01,2021-04-29,2021-09-01,last_observed_change,-0.25922807384318003,-0.51369192899325,-0.25446385515007,67,5,development
2,2021-03-01,2021-04-29,2021-09-01,moving_average_change_12,-0.25922807384318003,-0.5132159578691026,-0.25398788402592254,67,5,development
2,2021-03-01,2021-04-29,2021-09-01,seasonal_naive_change_12,-0.25922807384318003,-0.6341404313975503,-0.37491235755437025,67,5,development
2,2021-03-01,2021-04-29,2021-09-01,autoregressive_ols,-0.25922807384318003,0.4001196714504811,0.6593477452936611,67,5,development
2,2021-04-01,2021-05-28,2021-10-01,zero_change,-0.3179475154693301,0.0,0.3179475154693301,68,5,development
2,2021-04-01,2021-05-28,2021-10-01,last_observed_change,-0.3179475154693301,-0.16340529418581995,0.15454222128351014,68,5,development
2,2021-04-01,2021-05-28,2021-10-01,moving_average_change_12,-0.3179475154693301,-0.5493515041053558,-0.23140398863602574,68,5,development
2,2021-04-01,2021-05-28,2021-10-01,seasonal_naive_change_12,-0.3179475154693301,-1.09601921657932,-0.77807170110999,68,5,development
2,2021-04-01,2021-05-28,2021-10-01,autoregressive_ols,-0.3179475154693301,0.5557224827907579,0.873669998260088,68,5,development
2,2021-05-01,2021-06-29,2021-11-01,zero_change,-0.27882588873569003,0.0,0.27882588873569003,69,5,development
2,2021-05-01,2021-06-29,2021-11-01,last_observed_change,-0.27882588873569003,-0.06968619823708999,0.20913969049860004,69,5,development
2,2021-05-01,2021-06-29,2021-11-01,moving_average_change_12,-0.27882588873569003,-0.579658694186245,-0.300832805450555,69,5,development
2,2021-05-01,2021-06-29,2021-11-01,seasonal_naive_change_12,-0.27882588873569003,-1.3049315249515,-1.02610563621581,69,5,development
2,2021-05-01,2021-06-29,2021-11-01,autoregressive_ols,-0.27882588873569003,0.5197254485236034,0.7985513372592934,69,5,development
2,2021-06-01,2021-07-29,2021-12-01,zero_change,-0.24373117512585996,0.0,0.24373117512585996,70,5,development
2,2021-06-01,2021-07-29,2021-12-01,last_observed_change,-0.24373117512585996,-0.054404430332060105,0.18932674479379985,70,5,development
2,2021-06-01,2021-07-29,2021-12-01,moving_average_change_12,-0.24373117512585996,-0.6108128484555292,-0.36708167332966923,70,5,development
2,2021-06-01,2021-07-29,2021-12-01,seasonal_naive_change_12,-0.24373117512585996,-1.39740932498328,-1.15367814985742,70,5,development
2,2021-06-01,2021-07-29,2021-12-01,autoregressive_ols,-0.24373117512585996,0.524631796168344,0.768362971294204,70,5,development
2,2021-07-01,2021-08-30,2022-01-01,zero_change,-0.05453566543120991,0.0,0.05453566543120991,71,5,development
2,2021-07-01,2021-08-30,2022-01-01,last_observed_change,-0.05453566543120991,-0.11755956372665,-0.06302389829544008,71,5,development
2,2021-07-01,2021-08-30,2022-01-01,moving_average_change_12,-0.05453566543120991,-0.6396249733365034,-0.5850893079052935,71,5,development
2,2021-07-01,2021-08-30,2022-01-01,seasonal_naive_change_12,-0.05453566543120991,-1.2670887659265202,-1.2125531004953103,71,5,development
2,2021-07-01,2021-08-30,2022-01-01,autoregressive_ols,-0.05453566543120991,0.6573291132150887,0.7118647786462986,71,5,development
2,2021-08-01,2021-09-29,2022-02-01,zero_change,0.15622305579133,0.0,-0.15622305579133,72,5,development
2,2021-08-01,2021-09-29,2022-02-01,last_observed_change,0.15622305579133,-0.23500201701446,-0.39122507280579,72,5,development
2,2021-08-01,2021-09-29,2022-02-01,moving_average_change_12,0.15622305579133,-0.6408806651406809,-0.7971037209320109,72,5,development
2,2021-08-01,2021-09-29,2022-02-01,seasonal_naive_change_12,0.15622305579133,-0.83722928536067,-0.993452341152,72,5,development
2,2021-08-01,2021-09-29,2022-02-01,autoregressive_ols,0.15622305579133,0.9945427353363687,0.8383196795450387,72,5,development
2,2021-09-01,2021-10-28,2022-03-01,zero_change,0.25094156821402014,0.0,-0.25094156821402014,73,5,development
2,2021-09-01,2021-10-28,2022-03-01,last_observed_change,0.25094156821402014,-0.25922807384318003,-0.5101696420572002,73,5,development
2,2021-09-01,2021-10-28,2022-03-01,moving_average_change_12,0.25094156821402014,-0.6096379686778167,-0.8605795368918369,73,5,development
2,2021-09-01,2021-10-28,2022-03-01,seasonal_naive_change_12,0.25094156821402014,-0.51369192899325,-0.7646334972072701,73,5,development
2,2021-09-01,2021-10-28,2022-03-01,autoregressive_ols,0.25094156821402014,1.4148546605007342,1.163913092286714,73,5,development
2,2021-10-01,2021-11-29,2022-04-01,zero_change,0.4028398174074601,0.0,-0.4028398174074601,74,5,development
2,2021-10-01,2021-11-29,2022-04-01,last_observed_change,0.4028398174074601,-0.3179475154693301,-0.7207873328767902,74,5,development
2,2021-10-01,2021-11-29,2022-04-01,moving_average_change_12,0.4028398174074601,-0.5447986602519842,-0.9476384776594443,74,5,development
2,2021-10-01,2021-11-29,2022-04-01,seasonal_naive_change_12,0.4028398174074601,-0.16340529418581995,-0.5662451115932801,74,5,development
2,2021-10-01,2021-11-29,2022-04-01,autoregressive_ols,0.4028398174074601,1.8894044714124343,1.4865646540049742,74,5,development
2,2021-11-01,2021-12-30,2022-05-01,zero_change,0.5178958357331,0.0,-0.5178958357331,75,5,development
2,2021-11-01,2021-12-30,2022-05-01,last_observed_change,0.5178958357331,-0.27882588873569003,-0.7967217244687901,75,5,development
2,2021-11-01,2021-12-30,2022-05-01,moving_average_change_12,0.5178958357331,-0.459289857234,-0.9771856929671001,75,5,development
2,2021-11-01,2021-12-30,2022-05-01,seasonal_naive_change_12,0.5178958357331,-0.06968619823708999,-0.58758203397019,75,5,development
2,2021-11-01,2021-12-30,2022-05-01,autoregressive_ols,0.5178958357331,2.000660259239674,1.482764423506574,75,5,development
2,2021-12-01,2022-01-28,2022-06-01,zero_change,0.6344779886183101,0.0,-0.6344779886183101,76,5,development
2,2021-12-01,2022-01-28,2022-06-01,last_observed_change,0.6344779886183101,-0.24373117512585996,-0.87820916374417,76,5,development
2,2021-12-01,2022-01-28,2022-06-01,moving_average_change_12,0.6344779886183101,-0.3631500114125483,-0.9976280000308584,76,5,development
2,2021-12-01,2022-01-28,2022-06-01,seasonal_naive_change_12,0.6344779886183101,-0.054404430332060105,-0.6888824189503702,76,5,development
2,2021-12-01,2022-01-28,2022-06-01,autoregressive_ols,0.6344779886183101,2.014360501914141,1.3798825132958308,76,5,development
2,2022-01-01,2022-02-28,2022-07-01,zero_change,0.6495873767856999,0.0,-0.6495873767856999,77,5,development
2,2022-01-01,2022-02-28,2022-07-01,last_observed_change,0.6495873767856999,-0.05453566543120991,-0.7041230422169098,77,5,development
2,2022-01-01,2022-02-28,2022-07-01,moving_average_change_12,0.6495873767856999,-0.26210391970460584,-0.9116912964903057,77,5,development
2,2022-01-01,2022-02-28,2022-07-01,seasonal_naive_change_12,0.6495873767856999,-0.11755956372665,-0.7671469405123499,77,5,development
2,2022-01-01,2022-02-28,2022-07-01,autoregressive_ols,0.6495873767856999,2.0439365481768412,1.3943491713911413,77,5,development
2,2022-02-01,2022-03-30,2022-08-01,zero_change,0.6829063365371002,0.0,-0.6829063365371002,78,5,development
2,2022-02-01,2022-03-30,2022-08-01,last_observed_change,0.6829063365371002,0.15622305579133,-0.5266832807457702,78,5,development
2,2022-02-01,2022-03-30,2022-08-01,moving_average_change_12,0.6829063365371002,-0.17931622460860583,-0.8622225611457061,78,5,development
2,2022-02-01,2022-03-30,2022-08-01,seasonal_naive_change_12,0.6829063365371002,-0.23500201701446,-0.9179083535515602,78,5,development
2,2022-02-01,2022-03-30,2022-08-01,autoregressive_ols,0.6829063365371002,1.8503229108291563,1.1674165742920561,78,5,development
3,2022-03-01,2022-04-28,2022-09-01,zero_change,0.64645662948924,0.0,-0.64645662948924,79,5,development
3,2022-03-01,2022-04-28,2022-09-01,last_observed_change,0.64645662948924,0.25094156821402014,-0.39551506127521985,79,5,development
3,2022-03-01,2022-04-28,2022-09-01,moving_average_change_12,0.64645662948924,-0.11559676650799999,-0.76205339599724,79,5,development
3,2022-03-01,2022-04-28,2022-09-01,seasonal_naive_change_12,0.64645662948924,-0.25922807384318003,-0.90568470333242,79,5,development
3,2022-03-01,2022-04-28,2022-09-01,autoregressive_ols,0.64645662948924,1.4757813151935482,0.8293246857043082,79,5,development
3,2022-04-01,2022-05-30,2022-10-01,zero_change,0.82065130360734,0.0,-0.82065130360734,80,5,development
3,2022-04-01,2022-05-30,2022-10-01,last_observed_change,0.82065130360734,0.4028398174074601,-0.41781148619987984,80,5,development
3,2022-04-01,2022-05-30,2022-10-01,moving_average_change_12,0.82065130360734,-0.06840967387522666,-0.8890609774825666,80,5,development
3,2022-04-01,2022-05-30,2022-10-01,seasonal_naive_change_12,0.82065130360734,-0.3179475154693301,-1.13859881907667,80,5,development
3,2022-04-01,2022-05-30,2022-10-01,autoregressive_ols,0.82065130360734,1.0977550275298276,0.2771037239224876,80,5,development
3,2022-05-01,2022-06-29,2022-11-01,zero_change,0.7574602688618599,0.0,-0.7574602688618599,81,5,development
3,2022-05-01,2022-06-29,2022-11-01,last_observed_change,0.7574602688618599,0.5178958357331,-0.23956443312875986,81,5,development
3,2022-05-01,2022-06-29,2022-11-01,moving_average_change_12,0.7574602688618599,-0.01944450437771082,-0.7769047732395707,81,5,development
3,2022-05-01,2022-06-29,2022-11-01,seasonal_naive_change_12,0.7574602688618599,-0.27882588873569003,-1.03628615759755,81,5,development
3,2022-05-01,2022-06-29,2022-11-01,autoregressive_ols,0.7574602688618599,0.8617549946469218,0.10429472578506194,81,5,development
3,2022-06-01,2022-07-28,2022-12-01,zero_change,0.7179257065622602,0.0,-0.7179257065622602,82,5,development
3,2022-06-01,2022-07-28,2022-12-01,last_observed_change,0.7179257065622602,0.6344779886183101,-0.08344771794395012,82,5,development
3,2022-06-01,2022-07-28,2022-12-01,moving_average_change_12,0.7179257065622602,0.03796236386815336,-0.6799633426941069,82,5,development
3,2022-06-01,2022-07-28,2022-12-01,seasonal_naive_change_12,0.7179257065622602,-0.24373117512585996,-0.9616568816881201,82,5,development
3,2022-06-01,2022-07-28,2022-12-01,autoregressive_ols,0.7179257065622602,0.7268366674509015,0.008910960888641295,82,5,development
3,2022-07-01,2022-08-30,2023-01-01,zero_change,0.8177103478976,0.0,-0.8177103478976,83,5,development
3,2022-07-01,2022-08-30,2023-01-01,last_observed_change,0.8177103478976,0.6495873767856999,-0.1681229711119001,83,5,development
3,2022-07-01,2022-08-30,2023-01-01,moving_average_change_12,0.8177103478976,0.10189127557751586,-0.7158190723200841,83,5,development
3,2022-07-01,2022-08-30,2023-01-01,seasonal_naive_change_12,0.8177103478976,-0.05453566543120991,-0.8722460133288099,83,5,development
3,2022-07-01,2022-08-30,2023-01-01,autoregressive_ols,0.8177103478976,0.6792363592540562,-0.13847398864354377,83,5,development
3,2022-08-01,2022-09-29,2023-02-01,zero_change,0.7798469354837199,0.0,-0.7798469354837199,84,5,development
3,2022-08-01,2022-09-29,2023-02-01,last_observed_change,0.7798469354837199,0.6829063365371002,-0.09694059894661966,84,5,development
3,2022-08-01,2022-09-29,2023-02-01,moving_average_change_12,0.7798469354837199,0.17838363837347923,-0.6014632971102406,84,5,development
3,2022-08-01,2022-09-29,2023-02-01,seasonal_naive_change_12,0.7798469354837199,0.15622305579133,-0.6236238796923899,84,5,development
3,2022-08-01,2022-09-29,2023-02-01,autoregressive_ols,0.7798469354837199,0.6907704223683495,-0.08907651311537035,84,5,development
3,2022-09-01,2022-10-27,2023-03-01,zero_change,0.70903914652427,0.0,-0.70903914652427,85,5,development
3,2022-09-01,2022-10-27,2023-03-01,last_observed_change,0.70903914652427,0.64645662948924,-0.06258251703503004,85,5,development
3,2022-09-01,2022-10-27,2023-03-01,moving_average_change_12,0.70903914652427,0.2538573636511809,-0.45518178287308914,85,5,development
3,2022-09-01,2022-10-27,2023-03-01,seasonal_naive_change_12,0.70903914652427,0.25094156821402014,-0.4580975783102499,85,5,development
3,2022-09-01,2022-10-27,2023-03-01,autoregressive_ols,0.70903914652427,0.6417703342814391,-0.06726881224283088,85,5,development
3,2022-10-01,2022-11-29,2023-04-01,zero_change,0.47427785131199984,0.0,-0.47427785131199984,86,5,development
3,2022-10-01,2022-11-29,2023-04-01,last_observed_change,0.47427785131199984,0.82065130360734,0.3463734522953401,86,5,development
3,2022-10-01,2022-11-29,2023-04-01,moving_average_change_12,0.47427785131199984,0.34874059857423667,-0.12553725273776317,86,5,development
3,2022-10-01,2022-11-29,2023-04-01,seasonal_naive_change_12,0.47427785131199984,0.4028398174074601,-0.07143803390453973,86,5,development
3,2022-10-01,2022-11-29,2023-04-01,autoregressive_ols,0.47427785131199984,0.7402033273134503,0.26592547600145044,86,5,development
3,2022-11-01,2022-12-29,2023-05-01,zero_change,0.3817433880721399,0.0,-0.3817433880721399,87,5,development
3,2022-11-01,2022-12-29,2023-05-01,last_observed_change,0.3817433880721399,0.7574602688618599,0.37571688078972,87,5,development
3,2022-11-01,2022-12-29,2023-05-01,moving_average_change_12,0.3817433880721399,0.4350977783740326,0.05335439030189265,87,5,development
3,2022-11-01,2022-12-29,2023-05-01,seasonal_naive_change_12,0.3817433880721399,0.5178958357331,0.13615244766096013,87,5,development
3,2022-11-01,2022-12-29,2023-05-01,autoregressive_ols,0.3817433880721399,0.5123484490334307,0.13060506096129076,87,5,development
3,2022-12-01,2023-01-31,2023-06-01,zero_change,0.2041695170421698,0.0,-0.2041695170421698,88,5,development
3,2022-12-01,2023-01-31,2023-06-01,last_observed_change,0.2041695170421698,0.7179257065622602,0.5137561895200904,88,5,development
3,2022-12-01,2023-01-31,2023-06-01,moving_average_change_12,0.2041695170421698,0.5152358518480425,0.31106633480587276,88,5,development
3,2022-12-01,2023-01-31,2023-06-01,seasonal_naive_change_12,0.2041695170421698,0.6344779886183101,0.4303084715761403,88,5,development
3,2022-12-01,2023-01-31,2023-06-01,autoregressive_ols,0.2041695170421698,0.4422024804875555,0.23803296344538571,88,5,development
3,2023-01-01,2023-02-28,2023-07-01,zero_change,0.041871745443669894,0.0,-0.041871745443669894,89,5,development
3,2023-01-01,2023-02-28,2023-07-01,last_observed_change,0.041871745443669894,0.8177103478976,0.7758386024539301,89,5,development
3,2023-01-01,2023-02-28,2023-07-01,moving_average_change_12,0.041871745443669894,0.5879230196254434,0.5460512741817735,89,5,development
3,2023-01-01,2023-02-28,2023-07-01,seasonal_naive_change_12,0.041871745443669894,0.6495873767856999,0.60771563134203,89,5,development
3,2023-01-01,2023-02-28,2023-07-01,autoregressive_ols,0.041871745443669894,0.40835663011199874,0.36648488466832885,89,5,development
3,2023-02-01,2023-03-31,2023-08-01,zero_change,-0.08510812045886995,0.0,0.08510812045886995,90,5,development
3,2023-02-01,2023-03-31,2023-08-01,last_observed_change,-0.08510812045886995,0.7798469354837199,0.8649550559425898,90,5,development
3,2023-02-01,2023-03-31,2023-08-01,moving_average_change_12,-0.08510812045886995,0.6398916762664758,0.7249997967253458,90,5,development
3,2023-02-01,2023-03-31,2023-08-01,seasonal_naive_change_12,-0.08510812045886995,0.6829063365371002,0.7680144569959702,90,5,development
3,2023-02-01,2023-03-31,2023-08-01,autoregressive_ols,-0.08510812045886995,0.21881676981387788,0.3039248902727478,90,5,development
4,2023-03-01,2023-04-28,2023-09-01,zero_change,0.05648491533919975,0.0,-0.05648491533919975,91,5,development
4,2023-03-01,2023-04-28,2023-09-01,last_observed_change,0.05648491533919975,0.70903914652427,0.6525542311850703,91,5,development
4,2023-03-01,2023-04-28,2023-09-01,moving_average_change_12,0.05648491533919975,0.6780664744589967,0.621581559119797,91,5,development
4,2023-03-01,2023-04-28,2023-09-01,seasonal_naive_change_12,0.05648491533919975,0.64645662948924,0.5899717141500402,91,5,development
4,2023-03-01,2023-04-28,2023-09-01,autoregressive_ols,0.05648491533919975,0.14086002819047527,0.08437511285127552,91,5,development
4,2023-04-01,2023-05-31,2023-10-01,zero_change,0.04937631889508021,0.0,-0.04937631889508021,92,5,development
4,2023-04-01,2023-05-31,2023-10-01,last_observed_change,0.04937631889508021,0.47427785131199984,0.42490153241691964,92,5,development
4,2023-04-01,2023-05-31,2023-10-01,moving_average_change_12,0.04937631889508021,0.6840196439510416,0.6346433250559614,92,5,development
4,2023-04-01,2023-05-31,2023-10-01,seasonal_naive_change_12,0.04937631889508021,0.82065130360734,0.7712749847122597,92,5,development
4,2023-04-01,2023-05-31,2023-10-01,autoregressive_ols,0.04937631889508021,0.08966002246295046,0.040283703567870255,92,5,development
4,2023-05-01,2023-06-30,2023-11-01,zero_change,0.08708521120876034,0.0,-0.08708521120876034,93,5,development
4,2023-05-01,2023-06-30,2023-11-01,last_observed_change,0.08708521120876034,0.3817433880721399,0.2946581768633796,93,5,development
4,2023-05-01,2023-06-30,2023-11-01,moving_average_change_12,0.08708521120876034,0.6726736066459617,0.5855883954372013,93,5,development
4,2023-05-01,2023-06-30,2023-11-01,seasonal_naive_change_12,0.08708521120876034,0.7574602688618599,0.6703750576530996,93,5,development
4,2023-05-01,2023-06-30,2023-11-01,autoregressive_ols,0.08708521120876034,-0.07007709185415933,-0.15716230306291967,93,5,development
4,2023-06-01,2023-07-31,2023-12-01,zero_change,0.20099711455423996,0.0,-0.20099711455423996,94,5,development
4,2023-06-01,2023-07-31,2023-12-01,last_observed_change,0.20099711455423996,0.2041695170421698,0.0031724024879298263,94,5,development
4,2023-06-01,2023-07-31,2023-12-01,moving_average_change_12,0.20099711455423996,0.63681456734795,0.43581745279371,94,5,development
4,2023-06-01,2023-07-31,2023-12-01,seasonal_naive_change_12,0.20099711455423996,0.7179257065622602,0.5169285920080202,94,5,development
4,2023-06-01,2023-07-31,2023-12-01,autoregressive_ols,0.20099711455423996,-0.19735826713209237,-0.39835538168633233,94,5,development
4,2023-07-01,2023-08-31,2024-01-01,zero_change,0.2442451285193603,0.0,-0.2442451285193603,95,5,development
4,2023-07-01,2023-08-31,2024-01-01,last_observed_change,0.2442451285193603,0.041871745443669894,-0.20237338307569042,95,5,development
4,2023-07-01,2023-08-31,2024-01-01,moving_average_change_12,0.2442451285193603,0.5861715980694474,0.3419264695500871,95,5,development
4,2023-07-01,2023-08-31,2024-01-01,seasonal_naive_change_12,0.2442451285193603,0.8177103478976,0.5734652193782397,95,5,development
4,2023-07-01,2023-08-31,2024-01-01,autoregressive_ols,0.2442451285193603,-0.2429823641728741,-0.4872274926922344,95,5,development
4,2023-08-01,2023-09-29,2024-02-01,zero_change,0.33868440742458983,0.0,-0.33868440742458983,96,5,development
4,2023-08-01,2023-09-29,2024-02-01,last_observed_change,0.33868440742458983,-0.08510812045886995,-0.4237925278834598,96,5,development
4,2023-08-01,2023-09-29,2024-02-01,moving_average_change_12,0.33868440742458983,0.5221703933197833,0.1834859858951935,96,5,development
4,2023-08-01,2023-09-29,2024-02-01,seasonal_naive_change_12,0.33868440742458983,0.7798469354837199,0.44116252805913003,96,5,development
4,2023-08-01,2023-09-29,2024-02-01,autoregressive_ols,0.33868440742458983,-0.36752979265708063,-0.7062142000816705,96,5,development
4,2023-09-01,2023-10-31,2024-03-01,zero_change,0.18269257991981025,0.0,-0.18269257991981025,97,5,development
4,2023-09-01,2023-10-31,2024-03-01,last_observed_change,0.18269257991981025,0.05648491533919975,-0.1262076645806105,97,5,development
4,2023-09-01,2023-10-31,2024-03-01,moving_average_change_12,0.18269257991981025,0.4730060838072799,0.2903135038874696,97,5,development
4,2023-09-01,2023-10-31,2024-03-01,seasonal_naive_change_12,0.18269257991981025,0.70903914652427,0.5263465666044598,97,5,development
4,2023-09-01,2023-10-31,2024-03-01,autoregressive_ols,0.18269257991981025,-0.3301502692670577,-0.512842849186868,97,5,development
4,2023-10-01,2023-11-30,2024-04-01,zero_change,0.003731915622779969,0.0,-0.003731915622779969,98,5,development
4,2023-10-01,2023-11-30,2024-04-01,last_observed_change,0.003731915622779969,0.04937631889508021,0.04564440327230024,98,5,development
4,2023-10-01,2023-11-30,2024-04-01,moving_average_change_12,0.003731915622779969,0.4087331684145916,0.40500125279181165,98,5,development
4,2023-10-01,2023-11-30,2024-04-01,seasonal_naive_change_12,0.003731915622779969,0.47427785131199984,0.4705459356892199,98,5,development
4,2023-10-01,2023-11-30,2024-04-01,autoregressive_ols,0.003731915622779969,-0.5397037541163585,-0.5434356697391385,98,5,development
4,2023-11-01,2023-12-29,2024-05-01,zero_change,-0.10323354615642,0.0,0.10323354615642,99,5,development
4,2023-11-01,2023-12-29,2024-05-01,last_observed_change,-0.10323354615642,0.08708521120876034,0.19031875736518034,99,5,development
4,2023-11-01,2023-12-29,2024-05-01,moving_average_change_12,-0.10323354615642,0.3528685802768334,0.4561021264332534,99,5,development
4,2023-11-01,2023-12-29,2024-05-01,seasonal_naive_change_12,-0.10323354615642,0.3817433880721399,0.4849769342285599,99,5,development
4,2023-11-01,2023-12-29,2024-05-01,autoregressive_ols,-0.10323354615642,-0.63281491816721,-0.52958137201079,99,5,development
4,2023-12-01,2024-01-31,2024-06-01,zero_change,-0.10736343979341001,0.0,0.10736343979341001,100,5,development
4,2023-12-01,2024-01-31,2024-06-01,last_observed_change,-0.10736343979341001,0.20099711455423996,0.30836055434765,100,5,development
4,2023-12-01,2024-01-31,2024-06-01,moving_average_change_12,-0.10736343979341001,0.3097911976094983,0.4171546374029083,100,5,development
4,2023-12-01,2024-01-31,2024-06-01,seasonal_naive_change_12,-0.10736343979341001,0.2041695170421698,0.3115329568355798,100,5,development
4,2023-12-01,2024-01-31,2024-06-01,autoregressive_ols,-0.10736343979341001,-0.6801404979073205,-0.5727770581139104,100,5,development
