model,method,feature,folds,mean_rank,rank_standard_deviation,best_rank,worst_rank,top_5_fold_share,top_10_fold_share,mean_normalized_importance,importance_range
elastic_net,standardized_linear_contribution,npl90_rolling_mean_12m,4,4.625,4.6012905798264905,1.0,12.5,0.75,0.75,0.14417143385424513,0.3770174466027203
elastic_net,standardized_linear_contribution,tpm_monthly_average,4,5.625,4.233423555469025,1.0,12.5,0.75,0.75,0.274769611688334,0.9171171827305692
elastic_net,standardized_linear_contribution,real_consumer_loans_yoy_pct,4,8.125,6.748842493346544,1.0,16.5,0.5,0.5,0.2792829125113279,1.0
elastic_net,standardized_linear_contribution,imacec_yoy_pct,4,8.375,4.865375114007141,1.0,13.0,0.25,0.5,0.1279793518240145,0.4976947028433678
elastic_net,standardized_linear_contribution,month_sin,4,10.375,2.484325864293974,7.0,13.0,0.0,0.5,0.010753576282900594,0.030344178555789695
elastic_net,standardized_linear_contribution,real_m1_yoy_pct,4,10.875,5.295930041078715,2.0,16.0,0.25,0.25,0.06110666912848439,0.24442667651393757
elastic_net,standardized_linear_contribution,tpm_change_3m_pp,4,11.125,4.878204075271964,3.0,16.0,0.25,0.25,0.03558204194118065,0.1423281677647226
elastic_net,standardized_linear_contribution,npl90_rolling_mean_6m,4,11.5,4.596194077712559,4.0,16.5,0.25,0.25,0.024571206360467633,0.09828482544187053
elastic_net,standardized_linear_contribution,npl90_lag_1m,4,11.625,4.052391269361832,5.0,16.0,0.25,0.25,0.0168360181356819,0.0673440725427276
elastic_net,standardized_linear_contribution,npl90_lag_12m,4,11.875,3.6464880364537056,6.0,16.0,0.0,0.25,0.005220062144569992,0.02088024857827997
elastic_net,standardized_linear_contribution,npl90_level_t,4,12.0,3.7914377220257753,6.0,16.5,0.0,0.25,0.008864942530138021,0.035459770120552084
elastic_net,standardized_linear_contribution,unemployment_rate,4,12.375,2.858649156507318,8.0,16.0,0.0,0.25,0.0034400520924259977,0.01376020836970399
elastic_net,standardized_linear_contribution,npl90_rolling_mean_3m,4,12.5,3.020761493398643,8.0,16.5,0.0,0.25,0.007422121506229221,0.029688486024916885
elastic_net,standardized_linear_contribution,consumer_lending_rate,4,14.5,1.7677669529663689,12.5,16.5,0.0,0.0,0.0,0.0
elastic_net,standardized_linear_contribution,consumer_lending_rate_change_3m_pp,4,14.5,1.7677669529663689,12.5,16.5,0.0,0.0,0.0,0.0
elastic_net,standardized_linear_contribution,ipc_yoy,4,14.5,1.7677669529663689,12.5,16.5,0.0,0.0,0.0,0.0
elastic_net,standardized_linear_contribution,month_cos,4,14.5,1.7677669529663689,12.5,16.5,0.0,0.0,0.0,0.0
elastic_net,standardized_linear_contribution,npl90_change_12m_pp,4,14.5,1.7677669529663689,12.5,16.5,0.0,0.0,0.0,0.0
elastic_net,standardized_linear_contribution,npl90_change_1m_pp,4,14.5,1.7677669529663689,12.5,16.5,0.0,0.0,0.0,0.0
elastic_net,standardized_linear_contribution,npl90_change_3m_pp,4,14.5,1.7677669529663689,12.5,16.5,0.0,0.0,0.0,0.0
elastic_net,standardized_linear_contribution,npl90_lag_3m,4,14.5,1.7677669529663689,12.5,16.5,0.0,0.0,0.0,0.0
elastic_net,standardized_linear_contribution,npl90_lag_6m,4,14.5,1.7677669529663689,12.5,16.5,0.0,0.0,0.0,0.0
elastic_net,standardized_linear_contribution,usdclp_yoy_pct,4,14.5,1.7677669529663689,12.5,16.5,0.0,0.0,0.0,0.0
random_forest,mean_decrease_impurity,npl90_rolling_mean_6m,4,2.0,1.7320508075688772,1.0,5.0,1.0,1.0,0.21268401216573835,0.19096117535774293
random_forest,mean_decrease_impurity,npl90_rolling_mean_12m,4,4.0,1.224744871391589,3.0,6.0,0.75,1.0,0.10036637394811304,0.06833571094011094
random_forest,mean_decrease_impurity,npl90_rolling_mean_3m,4,5.5,1.5,4.0,7.0,0.5,1.0,0.05666002192998518,0.038175273685803195
random_forest,mean_decrease_impurity,npl90_lag_3m,4,7.5,5.678908345800274,2.0,15.0,0.5,0.5,0.08247361578931063,0.1391948538650069
random_forest,mean_decrease_impurity,unemployment_rate,4,7.75,4.322904116447646,1.0,12.0,0.25,0.5,0.05522323713936966,0.12000648838568674
random_forest,mean_decrease_impurity,imacec_yoy_pct,4,8.5,6.18465843842649,3.0,19.0,0.25,0.75,0.05442147073437838,0.08868788852575188
random_forest,mean_decrease_impurity,npl90_lag_6m,4,8.5,0.5,8.0,9.0,0.0,1.0,0.03578450160715471,0.025132822845480282
random_forest,mean_decrease_impurity,npl90_lag_12m,4,8.75,3.766629793329841,5.0,13.0,0.5,0.5,0.0427425371029585,0.04391704367493758
random_forest,mean_decrease_impurity,npl90_level_t,4,9.5,3.774917217635375,4.0,13.0,0.25,0.5,0.03506492004836032,0.07099171096377593
random_forest,mean_decrease_impurity,real_consumer_loans_yoy_pct,4,9.5,6.103277807866851,2.0,16.0,0.5,0.5,0.05312801961407041,0.11073494371001442
random_forest,mean_decrease_impurity,tpm_monthly_average,4,10.75,3.897114317029974,7.0,17.0,0.0,0.5,0.032005811087681725,0.03363068945169493
random_forest,mean_decrease_impurity,npl90_lag_1m,4,11.75,2.277608394786075,9.0,14.0,0.0,0.5,0.02619699316226931,0.02269412709852544
random_forest,mean_decrease_impurity,month_sin,4,12.0,2.0,10.0,14.0,0.0,0.5,0.022255165390835507,0.026093394154486207
random_forest,mean_decrease_impurity,consumer_lending_rate,4,12.5,5.545268253204709,3.0,17.0,0.25,0.25,0.03445904927651043,0.0916759456583589
random_forest,mean_decrease_impurity,tpm_change_3m_pp,4,13.0,7.0,2.0,20.0,0.25,0.25,0.0717863623290343,0.24545127397396854
random_forest,mean_decrease_impurity,ipc_yoy,4,13.75,6.179603547154137,6.0,22.0,0.0,0.5,0.021668292579048874,0.04302551410987368
random_forest,mean_decrease_impurity,real_m1_yoy_pct,4,14.75,4.9180788932265,9.0,21.0,0.0,0.25,0.01969998123513787,0.03671888697243349
random_forest,mean_decrease_impurity,usdclp_yoy_pct,4,15.25,1.299038105676658,13.0,16.0,0.0,0.0,0.012693041948012424,0.015281376530750705
random_forest,mean_decrease_impurity,npl90_change_3m_pp,4,18.0,3.4641016151377544,12.0,20.0,0.0,0.0,0.008735662344030065,0.026622654377072393
random_forest,mean_decrease_impurity,consumer_lending_rate_change_3m_pp,4,18.75,0.4330127018922193,18.0,19.0,0.0,0.0,0.008068181245924188,0.014002966712774899
random_forest,mean_decrease_impurity,month_cos,4,20.5,2.179449471770337,17.0,23.0,0.0,0.0,0.0050829206483942,0.016102781395243404
random_forest,mean_decrease_impurity,npl90_change_12m_pp,4,21.75,2.165063509461097,18.0,23.0,0.0,0.0,0.004864886186674897,0.010287622539753804
random_forest,mean_decrease_impurity,npl90_change_1m_pp,4,21.75,0.4330127018922193,21.0,22.0,0.0,0.0,0.003934942487007064,0.010689447401573493
xgboost,tree_shap,npl90_lag_12m,4,3.25,2.277608394786075,1.0,7.0,0.75,1.0,0.1331908111682571,0.19782633672249345
xgboost,tree_shap,npl90_rolling_mean_6m,4,3.25,1.7853571071357126,1.0,6.0,0.75,1.0,0.11150161822975976,0.1367103617288448
xgboost,tree_shap,npl90_level_t,4,5.5,1.118033988749895,4.0,7.0,0.5,1.0,0.07037641858734542,0.03418053954516436
xgboost,tree_shap,month_sin,4,6.75,2.947456530637899,4.0,11.0,0.5,0.75,0.06304215102879876,0.06864182648929237
xgboost,tree_shap,unemployment_rate,4,7.25,3.766629793329841,3.0,13.0,0.5,0.75,0.052851958447557246,0.0653469642886105
xgboost,tree_shap,npl90_rolling_mean_3m,4,7.75,6.5717197140474575,2.0,18.0,0.5,0.75,0.08089545523141241,0.17685663090819412
xgboost,tree_shap,npl90_lag_1m,4,9.0,2.7386127875258306,6.0,13.0,0.0,0.75,0.037278612132848735,0.04813167064480539
xgboost,tree_shap,npl90_rolling_mean_12m,4,9.5,2.692582403567252,5.0,12.0,0.25,0.5,0.03853379937124853,0.05082996100222943
xgboost,tree_shap,consumer_lending_rate,4,9.75,6.49519052838329,2.0,18.0,0.5,0.5,0.08248495358383857,0.19825095304301402
xgboost,tree_shap,npl90_lag_3m,4,10.75,4.656984002549289,4.0,17.0,0.25,0.5,0.03700747264352514,0.06502735139373288
xgboost,tree_shap,real_consumer_loans_yoy_pct,4,10.75,6.417748826496718,1.0,17.0,0.25,0.5,0.07498127113858333,0.22153564323819092
xgboost,tree_shap,usdclp_yoy_pct,4,12.5,4.153311931459037,6.0,17.0,0.0,0.25,0.02047775611223515,0.03665522542555022
xgboost,tree_shap,npl90_lag_6m,4,13.0,7.3824115301167,1.0,20.0,0.25,0.25,0.0629902237673336,0.20435717700717423
xgboost,tree_shap,npl90_change_1m_pp,4,13.75,3.2691742076555053,11.0,19.0,0.0,0.0,0.015580972906393226,0.016248895518178888
xgboost,tree_shap,real_m1_yoy_pct,4,13.75,4.14578098794425,8.0,19.0,0.0,0.25,0.017805845020432906,0.030758591895917002
xgboost,tree_shap,tpm_monthly_average,4,14.25,5.539629951540085,9.0,23.0,0.0,0.5,0.021382039442444857,0.037209227805464956
xgboost,tree_shap,npl90_change_3m_pp,4,15.75,5.2141634036535525,8.0,21.0,0.0,0.25,0.01819138716605082,0.037389265886805884
xgboost,tree_shap,tpm_change_3m_pp,4,16.25,5.448623679425842,7.0,21.0,0.0,0.25,0.017173209798772616,0.04952272186378422
xgboost,tree_shap,ipc_yoy,4,16.5,5.678908345800274,9.0,22.0,0.0,0.25,0.015844350133789185,0.03011174825635547
xgboost,tree_shap,imacec_yoy_pct,4,18.25,3.491060010942235,14.0,23.0,0.0,0.0,0.006853278797076645,0.009444911843938504
xgboost,tree_shap,month_cos,4,18.75,3.2691742076555053,15.0,22.0,0.0,0.0,0.007538729448237572,0.009401278643614263
xgboost,tree_shap,npl90_change_12m_pp,4,19.0,2.449489742783178,15.0,21.0,0.0,0.0,0.008692283199605489,0.0166113354193606
xgboost,tree_shap,consumer_lending_rate_change_3m_pp,4,20.75,2.48746859276655,17.0,23.0,0.0,0.0,0.0053254026444529805,0.007771998805373758
