fold_id,model,method,feature,origins,mean_absolute_attribution,normalized_importance,mean_signed_attribution,attribution_positive_share,attribution_negative_share,attribution_zero_share,attribution_sign_consistency,mean_model_weight,weight_positive_share,weight_negative_share,weight_zero_share,weight_sign_consistency,rank
all,elastic_net,standardized_linear_contribution,imacec_yoy_pct,46,0.08226335497867632,0.3020311484957334,0.07967871250280292,0.30434782608695654,0.17391304347826086,0.5217391304347826,0.5217391304347826,0.031494947968712016,0.4782608695652174,0.0,0.5217391304347826,0.5217391304347826,1.0
all,elastic_net,standardized_linear_contribution,npl90_rolling_mean_12m,46,0.05510300566479824,0.20231151635889327,-0.016711866941349775,0.17391304347826086,0.2391304347826087,0.5869565217391305,0.5869565217391305,-0.0242402933891529,0.0,0.41304347826086957,0.5869565217391305,0.5869565217391305,2.0
all,elastic_net,standardized_linear_contribution,real_consumer_loans_yoy_pct,46,0.03015163689738493,0.11070218961412505,-0.03015163689738493,0.0,0.10869565217391304,0.8913043478260869,0.8913043478260869,0.006367117569328501,0.10869565217391304,0.0,0.8913043478260869,0.8913043478260869,3.0
all,elastic_net,standardized_linear_contribution,tpm_monthly_average,46,0.0257210181403702,0.09443510602539015,0.025524994053660023,0.21739130434782608,0.021739130434782608,0.7608695652173914,0.7608695652173914,0.010899035694333495,0.2391304347826087,0.0,0.7608695652173914,0.7608695652173914,4.0
all,elastic_net,standardized_linear_contribution,real_m1_yoy_pct,46,0.02321613173850036,0.0852383778223622,0.02321613173850036,0.21739130434782608,0.0,0.782608695652174,0.782608695652174,-0.016241728464508432,0.0,0.21739130434782608,0.782608695652174,0.782608695652174,5.0
all,elastic_net,standardized_linear_contribution,npl90_rolling_mean_6m,46,0.015978603739712386,0.05866568461880167,0.015978603739712386,0.06521739130434782,0.0,0.9347826086956522,0.9347826086956522,-0.003552213743486656,0.0,0.06521739130434782,0.9347826086956522,0.9347826086956522,6.0
all,elastic_net,standardized_linear_contribution,tpm_change_3m_pp,46,0.013518612371005927,0.049633789207137555,-0.013518612371005927,0.0,0.1956521739130435,0.8043478260869565,0.8043478260869565,0.010424528572381244,0.1956521739130435,0.0,0.8043478260869565,0.8043478260869565,7.0
all,elastic_net,standardized_linear_contribution,npl90_lag_1m,46,0.006396473912985262,0.023484750442803095,-0.006396473912985262,0.0,0.10869565217391304,0.8913043478260869,0.8913043478260869,-0.0031409561921169273,0.0,0.10869565217391304,0.8913043478260869,0.8913043478260869,8.0
all,elastic_net,standardized_linear_contribution,month_sin,46,0.006136622664235771,0.02253070266395669,0.002280967578975112,0.2391304347826087,0.2391304347826087,0.5217391304347826,0.5217391304347826,-0.007055624866878164,0.0,0.4782608695652174,0.5217391304347826,0.5217391304347826,9.0
all,elastic_net,standardized_linear_contribution,npl90_level_t,46,0.005764853454338208,0.021165746402814434,0.005764853454338208,0.043478260869565216,0.0,0.9565217391304348,0.9565217391304348,-0.0015059331470224917,0.0,0.043478260869565216,0.9565217391304348,0.9565217391304348,10.0
all,elastic_net,standardized_linear_contribution,npl90_rolling_mean_3m,46,0.004826589981631529,0.01772089791193231,0.004826589981631529,0.021739130434782608,0.0,0.9782608695652174,0.9782608695652174,-0.0011918307371662957,0.0,0.021739130434782608,0.9782608695652174,0.9782608695652174,11.0
all,elastic_net,standardized_linear_contribution,npl90_lag_12m,46,0.0019832475269872638,0.007281523206566949,0.0019832475269872638,0.043478260869565216,0.0,0.9565217391304348,0.9565217391304348,-0.0009454007122872586,0.0,0.043478260869565216,0.9565217391304348,0.9565217391304348,12.0
all,elastic_net,standardized_linear_contribution,unemployment_rate,46,0.001306971950919797,0.004798567229483149,-0.001306971950919797,0.0,0.13043478260869565,0.8695652173913043,0.8695652173913043,-0.0018513167374783293,0.0,0.13043478260869565,0.8695652173913043,0.8695652173913043,13.0
all,elastic_net,standardized_linear_contribution,npl90_lag_3m,46,0.0,0.0,0.0,0.0,0.0,1.0,1.0,0.0,0.0,0.0,1.0,1.0,18.5
all,elastic_net,standardized_linear_contribution,npl90_lag_6m,46,0.0,0.0,0.0,0.0,0.0,1.0,1.0,0.0,0.0,0.0,1.0,1.0,18.5
all,elastic_net,standardized_linear_contribution,npl90_change_1m_pp,46,0.0,0.0,0.0,0.0,0.0,1.0,1.0,0.0,0.0,0.0,1.0,1.0,18.5
all,elastic_net,standardized_linear_contribution,npl90_change_3m_pp,46,0.0,0.0,0.0,0.0,0.0,1.0,1.0,0.0,0.0,0.0,1.0,1.0,18.5
all,elastic_net,standardized_linear_contribution,npl90_change_12m_pp,46,0.0,0.0,0.0,0.0,0.0,1.0,1.0,0.0,0.0,0.0,1.0,1.0,18.5
all,elastic_net,standardized_linear_contribution,ipc_yoy,46,0.0,0.0,0.0,0.0,0.0,1.0,1.0,0.0,0.0,0.0,1.0,1.0,18.5
all,elastic_net,standardized_linear_contribution,usdclp_yoy_pct,46,0.0,0.0,0.0,0.0,0.0,1.0,1.0,0.0,0.0,0.0,1.0,1.0,18.5
all,elastic_net,standardized_linear_contribution,consumer_lending_rate,46,0.0,0.0,0.0,0.0,0.0,1.0,1.0,0.0,0.0,0.0,1.0,1.0,18.5
all,elastic_net,standardized_linear_contribution,consumer_lending_rate_change_3m_pp,46,0.0,0.0,0.0,0.0,0.0,1.0,1.0,0.0,0.0,0.0,1.0,1.0,18.5
all,elastic_net,standardized_linear_contribution,month_cos,46,0.0,0.0,0.0,0.0,0.0,1.0,1.0,0.0,0.0,0.0,1.0,1.0,18.5
all,random_forest,mean_decrease_impurity,npl90_rolling_mean_6m,46,0.2103293728745556,0.2103293728745556,,,,,,0.2103293728745556,1.0,0.0,0.0,1.0,1.0
all,random_forest,mean_decrease_impurity,npl90_rolling_mean_12m,46,0.10088154732179305,0.10088154732179305,,,,,,0.10088154732179305,1.0,0.0,0.0,1.0,2.0
all,random_forest,mean_decrease_impurity,npl90_lag_3m,46,0.08543025213455593,0.08543025213455593,,,,,,0.08543025213455593,1.0,0.0,0.0,1.0,3.0
all,random_forest,mean_decrease_impurity,tpm_change_3m_pp,46,0.06416717195564312,0.06416717195564312,,,,,,0.06416717195564312,1.0,0.0,0.0,1.0,4.0
all,random_forest,mean_decrease_impurity,npl90_rolling_mean_3m,46,0.05766611059831502,0.05766611059831502,,,,,,0.05766611059831502,1.0,0.0,0.0,1.0,5.0
all,random_forest,mean_decrease_impurity,unemployment_rate,46,0.057086767468346546,0.057086767468346546,,,,,,0.057086767468346546,1.0,0.0,0.0,1.0,6.0
all,random_forest,mean_decrease_impurity,real_consumer_loans_yoy_pct,46,0.05498653415865393,0.05498653415865393,,,,,,0.05498653415865393,1.0,0.0,0.0,1.0,7.0
all,random_forest,mean_decrease_impurity,imacec_yoy_pct,46,0.052312470809380056,0.052312470809380056,,,,,,0.052312470809380056,1.0,0.0,0.0,1.0,8.0
all,random_forest,mean_decrease_impurity,npl90_lag_12m,46,0.04222738318575981,0.04222738318575981,,,,,,0.04222738318575981,1.0,0.0,0.0,1.0,9.0
all,random_forest,mean_decrease_impurity,npl90_lag_6m,46,0.036538719702800385,0.036538719702800385,,,,,,0.036538719702800385,1.0,0.0,0.0,1.0,10.0
all,random_forest,mean_decrease_impurity,npl90_level_t,46,0.03577312121613228,0.03577312121613228,,,,,,0.03577312121613228,1.0,0.0,0.0,1.0,11.0
all,random_forest,mean_decrease_impurity,consumer_lending_rate,46,0.03546778022373946,0.03546778022373946,,,,,,0.03546778022373946,1.0,0.0,0.0,1.0,12.0
all,random_forest,mean_decrease_impurity,tpm_monthly_average,46,0.033004530604218714,0.033004530604218714,,,,,,0.033004530604218714,1.0,0.0,0.0,1.0,13.0
all,random_forest,mean_decrease_impurity,npl90_lag_1m,46,0.026838797637972343,0.026838797637972343,,,,,,0.026838797637972343,1.0,0.0,0.0,1.0,14.0
all,random_forest,mean_decrease_impurity,month_sin,46,0.02251288022925408,0.02251288022925408,,,,,,0.02251288022925408,1.0,0.0,0.0,1.0,15.0
all,random_forest,mean_decrease_impurity,ipc_yoy,46,0.020634951153883134,0.020634951153883134,,,,,,0.020634951153883134,1.0,0.0,0.0,1.0,16.0
all,random_forest,mean_decrease_impurity,real_m1_yoy_pct,46,0.02043366889436253,0.02043366889436253,,,,,,0.02043366889436253,1.0,0.0,0.0,1.0,17.0
all,random_forest,mean_decrease_impurity,usdclp_yoy_pct,46,0.012733060999555661,0.012733060999555661,,,,,,0.012733060999555661,1.0,0.0,0.0,1.0,18.0
all,random_forest,mean_decrease_impurity,npl90_change_3m_pp,46,0.008903189849084434,0.008903189849084434,,,,,,0.008903189849084434,0.9347826086956522,0.0,0.06521739130434782,0.9347826086956522,19.0
all,random_forest,mean_decrease_impurity,consumer_lending_rate_change_3m_pp,46,0.008102508018692344,0.008102508018692344,,,,,,0.008102508018692344,1.0,0.0,0.0,1.0,20.0
all,random_forest,mean_decrease_impurity,month_cos,46,0.00524012596119752,0.00524012596119752,,,,,,0.00524012596119752,0.9565217391304348,0.0,0.043478260869565216,0.9565217391304348,21.0
all,random_forest,mean_decrease_impurity,npl90_change_12m_pp,46,0.004741283714574412,0.004741283714574412,,,,,,0.004741283714574412,0.9130434782608695,0.0,0.08695652173913043,0.9130434782608695,22.0
all,random_forest,mean_decrease_impurity,npl90_change_1m_pp,46,0.003987771287529619,0.003987771287529619,,,,,,0.003987771287529619,0.8478260869565217,0.0,0.15217391304347827,0.8478260869565217,23.0
all,xgboost,tree_shap,npl90_rolling_mean_6m,46,0.07020273888686104,0.13359132390185813,-0.023897394791002505,0.7608695652173914,0.2391304347826087,0.0,0.7608695652173914,,,,,,1.0
all,xgboost,tree_shap,npl90_lag_12m,46,0.0697120781393175,0.13265762786819404,0.02940316249378552,0.5652173913043478,0.43478260869565216,0.0,0.5652173913043478,,,,,,2.0
all,xgboost,tree_shap,npl90_rolling_mean_3m,46,0.05778803497283345,0.10996693605001998,-0.04176048507424244,0.6956521739130435,0.30434782608695654,0.0,0.6956521739130435,,,,,,3.0
all,xgboost,tree_shap,npl90_level_t,46,0.036920454585924745,0.07025726467938737,-0.010351420754728757,0.5434782608695652,0.45652173913043476,0.0,0.5434782608695652,,,,,,4.0
all,xgboost,tree_shap,consumer_lending_rate,46,0.03180054109543562,0.06051439663317447,0.021750008798730763,0.45652173913043476,0.5434782608695652,0.0,0.5434782608695652,,,,,,5.0
all,xgboost,tree_shap,month_sin,46,0.02789667414744263,0.053085587413072996,0.0018576425297752671,0.5652173913043478,0.43478260869565216,0.0,0.5652173913043478,,,,,,6.0
all,xgboost,tree_shap,real_consumer_loans_yoy_pct,46,0.02639306363467451,0.05022431273606692,-0.02555420813049473,0.06521739130434782,0.9347826086956522,0.0,0.9347826086956522,,,,,,7.0
all,xgboost,tree_shap,npl90_rolling_mean_12m,46,0.025084372266302005,0.04773395672927959,-0.011349848349472386,0.717391304347826,0.2826086956521739,0.0,0.717391304347826,,,,,,8.0
all,xgboost,tree_shap,npl90_lag_6m,46,0.025061850774205675,0.04769109976966377,-0.017038479851338627,0.391304347826087,0.6086956521739131,0.0,0.6086956521739131,,,,,,9.0
all,xgboost,tree_shap,unemployment_rate,46,0.02349189620935763,0.04470357660305597,0.023275287165154663,0.9565217391304348,0.043478260869565216,0.0,0.9565217391304348,,,,,,10.0
all,xgboost,tree_shap,npl90_lag_1m,46,0.022318217981196736,0.042470141970434444,-0.010908814246447393,0.6956521739130435,0.30434782608695654,0.0,0.6956521739130435,,,,,,11.0
all,xgboost,tree_shap,npl90_lag_3m,46,0.017235367247612095,0.03279780198111549,-0.005187191719533471,0.5652173913043478,0.43478260869565216,0.0,0.5652173913043478,,,,,,12.0
all,xgboost,tree_shap,tpm_change_3m_pp,46,0.01388329060295212,0.026419014431212147,-0.01161719784368356,0.5652173913043478,0.43478260869565216,0.0,0.5652173913043478,,,,,,13.0
all,xgboost,tree_shap,tpm_monthly_average,46,0.013150242960324724,0.025024071632476722,0.011931476524098442,0.5869565217391305,0.2826086956521739,0.13043478260869565,0.5869565217391305,,,,,,14.0
all,xgboost,tree_shap,real_m1_yoy_pct,46,0.01197189730674322,0.022781755187677513,0.011584992316467991,0.7608695652173914,0.21739130434782608,0.021739130434782608,0.7608695652173914,,,,,,15.0
all,xgboost,tree_shap,ipc_yoy,46,0.011032652042796026,0.020994431498191954,0.009772014012054095,0.6086956521739131,0.34782608695652173,0.043478260869565216,0.6086956521739131,,,,,,16.0
all,xgboost,tree_shap,usdclp_yoy_pct,46,0.010525396427787517,0.020029156492684715,0.003412584946288363,0.6521739130434783,0.34782608695652173,0.0,0.6521739130434783,,,,,,17.0
all,xgboost,tree_shap,npl90_change_3m_pp,46,0.008462263717418587,0.01610314684500418,0.000984239754356879,0.5,0.5,0.0,0.5,,,,,,18.0
all,xgboost,tree_shap,npl90_change_1m_pp,46,0.007530154708745059,0.014329402993069503,-0.0019161716105451849,0.4782608695652174,0.5217391304347826,0.0,0.5217391304347826,,,,,,19.0
all,xgboost,tree_shap,npl90_change_12m_pp,46,0.004710281505654363,0.008963364567654687,0.002078929959047262,0.6304347826086957,0.3695652173913043,0.0,0.6304347826086957,,,,,,20.0
all,xgboost,tree_shap,imacec_yoy_pct,46,0.004320182253571186,0.008221030630756538,0.003915270117273473,0.8478260869565217,0.13043478260869565,0.021739130434782608,0.8478260869565217,,,,,,21.0
all,xgboost,tree_shap,month_cos,46,0.0034205449187341046,0.006509078298154337,-0.00033568672227809895,0.4782608695652174,0.5217391304347826,0.0,0.5217391304347826,,,,,,22.0
all,xgboost,tree_shap,consumer_lending_rate_change_3m_pp,46,0.002591532721809294,0.004931521087794545,0.0007641809671717372,0.6304347826086957,0.2826086956521739,0.08695652173913043,0.6304347826086957,,,,,,23.0
