scenario,horizon_months,training_scheme,fold_id,observation_date,forecast_issue_date,target_date,actual_change_pp,training_rows,purged_rows,rolling_window_dropped_rows,evaluated_split,model,predicted_change_pp,error_pp,selected_parameters,inner_selection_mae
h3_expanding,3,expanding,1,2020-03-01,2020-04-29,2020-06-01,0.3235537429087998,58,2,0,development,zero_change,0.0,-0.3235537429087998,,
h3_expanding,3,expanding,1,2020-03-01,2020-04-29,2020-06-01,0.3235537429087998,58,2,0,development,elastic_net,0.018341400426540526,-0.30521234248225926,"{""alpha"":0.1,""l1_ratio"":0.9,""max_iter"":20000}",0.10048926523313113
h3_expanding,3,expanding,1,2020-04-01,2020-05-28,2020-07-01,0.026160037341400155,59,2,0,development,zero_change,0.0,-0.026160037341400155,,
h3_expanding,3,expanding,1,2020-04-01,2020-05-28,2020-07-01,0.026160037341400155,59,2,0,development,elastic_net,0.021454696987169335,-0.004705340354230821,"{""alpha"":0.1,""l1_ratio"":0.9,""max_iter"":20000}",0.10048926523313113
h3_expanding,3,expanding,1,2020-05-01,2020-06-26,2020-08-01,-0.5420572872127201,60,2,0,development,zero_change,0.0,0.5420572872127201,,
h3_expanding,3,expanding,1,2020-05-01,2020-06-26,2020-08-01,-0.5420572872127201,60,2,0,development,elastic_net,0.026465844901523008,0.5685231321142431,"{""alpha"":0.1,""l1_ratio"":0.9,""max_iter"":20000}",0.10048926523313113
h3_expanding,3,expanding,1,2020-06-01,2020-07-30,2020-09-01,-0.9576941743063501,61,2,0,development,zero_change,0.0,0.9576941743063501,,
h3_expanding,3,expanding,1,2020-06-01,2020-07-30,2020-09-01,-0.9576941743063501,61,2,0,development,elastic_net,0.03133613831147836,0.9890303126178285,"{""alpha"":0.1,""l1_ratio"":0.9,""max_iter"":20000}",0.10048926523313113
h3_expanding,3,expanding,1,2020-07-01,2020-08-28,2020-10-01,-1.1221792539207203,62,2,0,development,zero_change,0.0,1.1221792539207203,,
h3_expanding,3,expanding,1,2020-07-01,2020-08-28,2020-10-01,-1.1221792539207203,62,2,0,development,elastic_net,0.031252652811960976,1.1534319067326813,"{""alpha"":0.1,""l1_ratio"":0.9,""max_iter"":20000}",0.10048926523313113
h3_expanding,3,expanding,1,2020-08-01,2020-09-29,2020-11-01,-0.76287423773878,63,2,0,development,zero_change,0.0,0.76287423773878,,
h3_expanding,3,expanding,1,2020-08-01,2020-09-29,2020-11-01,-0.76287423773878,63,2,0,development,elastic_net,0.022152495033791436,0.7850267327725715,"{""alpha"":0.1,""l1_ratio"":0.9,""max_iter"":20000}",0.10048926523313113
h3_expanding,3,expanding,1,2020-09-01,2020-10-29,2020-12-01,-0.4397151506769299,64,2,0,development,zero_change,0.0,0.4397151506769299,,
h3_expanding,3,expanding,1,2020-09-01,2020-10-29,2020-12-01,-0.4397151506769299,64,2,0,development,elastic_net,-0.06822914157239585,0.37148600910453405,"{""alpha"":0.1,""l1_ratio"":0.9,""max_iter"":20000}",0.10048926523313113
h3_expanding,3,expanding,1,2020-10-01,2020-11-27,2021-01-01,-0.14490951200579993,65,2,0,development,zero_change,0.0,0.14490951200579993,,
h3_expanding,3,expanding,1,2020-10-01,2020-11-27,2021-01-01,-0.14490951200579993,65,2,0,development,elastic_net,-0.188157435381638,-0.04324792337583808,"{""alpha"":0.1,""l1_ratio"":0.9,""max_iter"":20000}",0.10048926523313113
h3_expanding,3,expanding,1,2020-11-01,2020-12-30,2021-02-01,-0.07435504762188994,66,2,0,development,zero_change,0.0,0.07435504762188994,,
h3_expanding,3,expanding,1,2020-11-01,2020-12-30,2021-02-01,-0.07435504762188994,66,2,0,development,elastic_net,-0.1327089807836485,-0.058353933161758575,"{""alpha"":0.1,""l1_ratio"":0.9,""max_iter"":20000}",0.10048926523313113
h3_expanding,3,expanding,1,2020-12-01,2021-01-28,2021-03-01,-0.0739767783163201,67,2,0,development,zero_change,0.0,0.0739767783163201,,
h3_expanding,3,expanding,1,2020-12-01,2021-01-28,2021-03-01,-0.0739767783163201,67,2,0,development,elastic_net,-0.06183452570246973,0.012142252613850373,"{""alpha"":0.1,""l1_ratio"":0.9,""max_iter"":20000}",0.10048926523313113
h3_expanding,3,expanding,1,2021-01-01,2021-02-25,2021-04-01,-0.018495782180020015,68,2,0,development,zero_change,0.0,0.018495782180020015,,
h3_expanding,3,expanding,1,2021-01-01,2021-02-25,2021-04-01,-0.018495782180020015,68,2,0,development,elastic_net,-0.03878693306002585,-0.020291150880005833,"{""alpha"":0.1,""l1_ratio"":0.9,""max_iter"":20000}",0.10048926523313113
h3_expanding,3,expanding,1,2021-02-01,2021-03-30,2021-05-01,0.004668849384799945,69,2,0,development,zero_change,0.0,-0.004668849384799945,,
h3_expanding,3,expanding,1,2021-02-01,2021-03-30,2021-05-01,0.004668849384799945,69,2,0,development,elastic_net,-0.07250597721999595,-0.0771748266047959,"{""alpha"":0.1,""l1_ratio"":0.9,""max_iter"":20000}",0.10048926523313113
h3_expanding,3,expanding,2,2021-03-01,2021-04-29,2021-06-01,0.019572347984259997,70,2,0,development,zero_change,0.0,-0.019572347984259997,,
h3_expanding,3,expanding,2,2021-03-01,2021-04-29,2021-06-01,0.019572347984259997,70,2,0,development,elastic_net,-0.017598016945041622,-0.03717036492930162,"{""alpha"":0.1,""l1_ratio"":0.9,""max_iter"":20000}",0.3980835067481785
h3_expanding,3,expanding,2,2021-04-01,2021-05-28,2021-07-01,-0.09906378154662998,71,2,0,development,zero_change,0.0,0.09906378154662998,,
h3_expanding,3,expanding,2,2021-04-01,2021-05-28,2021-07-01,-0.09906378154662998,71,2,0,development,elastic_net,0.07339972009353779,0.17246350164016777,"{""alpha"":0.1,""l1_ratio"":0.9,""max_iter"":20000}",0.3980835067481785
h3_expanding,3,expanding,2,2021-05-01,2021-06-29,2021-08-01,-0.23967086639925994,72,2,0,development,zero_change,0.0,0.23967086639925994,,
h3_expanding,3,expanding,2,2021-05-01,2021-06-29,2021-08-01,-0.23967086639925994,72,2,0,development,elastic_net,0.23543625903891738,0.47510712543817735,"{""alpha"":0.1,""l1_ratio"":0.9,""max_iter"":20000}",0.3980835067481785
h3_expanding,3,expanding,2,2021-06-01,2021-07-29,2021-09-01,-0.27880042182744,73,2,0,development,zero_change,0.0,0.27880042182744,,
h3_expanding,3,expanding,2,2021-06-01,2021-07-29,2021-09-01,-0.27880042182744,73,2,0,development,elastic_net,0.3586133605209904,0.6374137823484305,"{""alpha"":0.1,""l1_ratio"":0.9,""max_iter"":20000}",0.3980835067481785
h3_expanding,3,expanding,2,2021-07-01,2021-08-30,2021-10-01,-0.2188837339227001,74,2,0,development,zero_change,0.0,0.2188837339227001,,
h3_expanding,3,expanding,2,2021-07-01,2021-08-30,2021-10-01,-0.2188837339227001,74,2,0,development,elastic_net,0.378605034891098,0.5974887688137981,"{""alpha"":0.1,""l1_ratio"":0.9,""max_iter"":20000}",0.3980835067481785
h3_expanding,3,expanding,2,2021-08-01,2021-09-29,2021-11-01,-0.03915502233643009,75,2,0,development,zero_change,0.0,0.03915502233643009,,
h3_expanding,3,expanding,2,2021-08-01,2021-09-29,2021-11-01,-0.03915502233643009,75,2,0,development,elastic_net,0.2265256415591439,0.265680663895574,"{""alpha"":0.1,""l1_ratio"":0.9,""max_iter"":20000}",0.3980835067481785
h3_expanding,3,expanding,2,2021-09-01,2021-10-28,2021-12-01,0.03506924670158007,76,2,0,development,zero_change,0.0,-0.03506924670158007,,
h3_expanding,3,expanding,2,2021-09-01,2021-10-28,2021-12-01,0.03506924670158007,76,2,0,development,elastic_net,0.03146927830594374,-0.0035999683956363313,"{""alpha"":0.1,""l1_ratio"":0.9,""max_iter"":20000}",0.3980835067481785
h3_expanding,3,expanding,2,2021-10-01,2021-11-29,2022-01-01,0.1643480684914902,77,2,0,development,zero_change,0.0,-0.1643480684914902,,
h3_expanding,3,expanding,2,2021-10-01,2021-11-29,2022-01-01,0.1643480684914902,77,2,0,development,elastic_net,-0.04533660926120048,-0.20968467775269067,"{""alpha"":0.1,""l1_ratio"":0.9,""max_iter"":20000}",0.3980835067481785
h3_expanding,3,expanding,2,2021-11-01,2021-12-30,2022-02-01,0.1953780781277601,78,2,0,development,zero_change,0.0,-0.1953780781277601,,
h3_expanding,3,expanding,2,2021-11-01,2021-12-30,2022-02-01,0.1953780781277601,78,2,0,development,elastic_net,-0.04820780967409626,-0.24358588780185636,"{""alpha"":0.1,""l1_ratio"":0.9,""max_iter"":20000}",0.3980835067481785
h3_expanding,3,expanding,2,2021-12-01,2022-01-28,2022-03-01,0.21587232151244007,79,2,0,development,zero_change,0.0,-0.21587232151244007,,
h3_expanding,3,expanding,2,2021-12-01,2022-01-28,2022-03-01,0.21587232151244007,79,2,0,development,elastic_net,-0.031807233069552264,-0.24767955458199234,"{""alpha"":0.1,""l1_ratio"":0.9,""max_iter"":20000}",0.3980835067481785
h3_expanding,3,expanding,2,2022-01-01,2022-02-28,2022-04-01,0.23849174891596991,80,2,0,development,zero_change,0.0,-0.23849174891596991,,
h3_expanding,3,expanding,2,2022-01-01,2022-02-28,2022-04-01,0.23849174891596991,80,2,0,development,elastic_net,-0.018421466011334573,-0.2569132149273045,"{""alpha"":0.1,""l1_ratio"":0.9,""max_iter"":20000}",0.3980835067481785
h3_expanding,3,expanding,2,2022-02-01,2022-03-30,2022-05-01,0.32251775760533996,81,2,0,development,zero_change,0.0,-0.32251775760533996,,
h3_expanding,3,expanding,2,2022-02-01,2022-03-30,2022-05-01,0.32251775760533996,81,2,0,development,elastic_net,-0.01675525100507698,-0.3392730086104169,"{""alpha"":0.1,""l1_ratio"":0.9,""max_iter"":20000}",0.3980835067481785
h3_expanding,3,expanding,3,2022-03-01,2022-04-28,2022-06-01,0.41860566710587,82,2,0,development,zero_change,0.0,-0.41860566710587,,
h3_expanding,3,expanding,3,2022-03-01,2022-04-28,2022-06-01,0.41860566710587,82,2,0,development,elastic_net,-0.02974704467643999,-0.44835271178231,"{""alpha"":0.5,""l1_ratio"":0.5,""max_iter"":20000}",0.13176513691357916
h3_expanding,3,expanding,3,2022-04-01,2022-05-30,2022-07-01,0.41109562786973,83,2,0,development,zero_change,0.0,-0.41109562786973,,
h3_expanding,3,expanding,3,2022-04-01,2022-05-30,2022-07-01,0.41109562786973,83,2,0,development,elastic_net,-0.026515251982555534,-0.43761087985228553,"{""alpha"":0.5,""l1_ratio"":0.5,""max_iter"":20000}",0.13176513691357916
h3_expanding,3,expanding,3,2022-05-01,2022-06-29,2022-08-01,0.36038857893176024,84,2,0,development,zero_change,0.0,-0.36038857893176024,,
h3_expanding,3,expanding,3,2022-05-01,2022-06-29,2022-08-01,0.36038857893176024,84,2,0,development,elastic_net,-0.022360097106509158,-0.3827486760382694,"{""alpha"":0.5,""l1_ratio"":0.5,""max_iter"":20000}",0.13176513691357916
h3_expanding,3,expanding,3,2022-06-01,2022-07-28,2022-09-01,0.22785096238337,85,2,0,development,zero_change,0.0,-0.22785096238337,,
h3_expanding,3,expanding,3,2022-06-01,2022-07-28,2022-09-01,0.22785096238337,85,2,0,development,elastic_net,-0.01717226458636352,-0.2450232269697335,"{""alpha"":0.5,""l1_ratio"":0.5,""max_iter"":20000}",0.13176513691357916
h3_expanding,3,expanding,3,2022-07-01,2022-08-30,2022-10-01,0.40955567573761,86,2,0,development,zero_change,0.0,-0.40955567573761,,
h3_expanding,3,expanding,3,2022-07-01,2022-08-30,2022-10-01,0.40955567573761,86,2,0,development,elastic_net,-0.012192405371757782,-0.4217480811093678,"{""alpha"":0.5,""l1_ratio"":0.5,""max_iter"":20000}",0.13176513691357916
h3_expanding,3,expanding,3,2022-08-01,2022-09-29,2022-11-01,0.39707168993009967,87,2,0,development,zero_change,0.0,-0.39707168993009967,,
h3_expanding,3,expanding,3,2022-08-01,2022-09-29,2022-11-01,0.39707168993009967,87,2,0,development,elastic_net,-0.007909865322292058,-0.4049815552523917,"{""alpha"":0.5,""l1_ratio"":0.5,""max_iter"":20000}",0.13176513691357916
h3_expanding,3,expanding,3,2022-09-01,2022-10-27,2022-12-01,0.4900747441788902,88,2,0,development,zero_change,0.0,-0.4900747441788902,,
h3_expanding,3,expanding,3,2022-09-01,2022-10-27,2022-12-01,0.4900747441788902,88,2,0,development,elastic_net,-0.005230765007454997,-0.4953055091863452,"{""alpha"":0.5,""l1_ratio"":0.5,""max_iter"":20000}",0.13176513691357916
h3_expanding,3,expanding,3,2022-10-01,2022-11-29,2023-01-01,0.40815467215999,89,2,0,development,zero_change,0.0,-0.40815467215999,,
h3_expanding,3,expanding,3,2022-10-01,2022-11-29,2023-01-01,0.40815467215999,89,2,0,development,elastic_net,-0.0005702432013306714,-0.40872491536132066,"{""alpha"":0.5,""l1_ratio"":0.5,""max_iter"":20000}",0.13176513691357916
h3_expanding,3,expanding,3,2022-11-01,2022-12-29,2023-02-01,0.3827752455536202,90,2,0,development,zero_change,0.0,-0.3827752455536202,,
h3_expanding,3,expanding,3,2022-11-01,2022-12-29,2023-02-01,0.3827752455536202,90,2,0,development,elastic_net,0.003848000500129666,-0.3789272450534905,"{""alpha"":0.5,""l1_ratio"":0.5,""max_iter"":20000}",0.13176513691357916
h3_expanding,3,expanding,3,2022-12-01,2023-01-31,2023-03-01,0.21896440234537984,91,2,0,development,zero_change,0.0,-0.21896440234537984,,
h3_expanding,3,expanding,3,2022-12-01,2023-01-31,2023-03-01,0.21896440234537984,91,2,0,development,elastic_net,0.009191151529566595,-0.20977325081581324,"{""alpha"":0.5,""l1_ratio"":0.5,""max_iter"":20000}",0.13176513691357916
h3_expanding,3,expanding,3,2023-01-01,2023-02-28,2023-04-01,0.06612317915200983,92,2,0,development,zero_change,0.0,-0.06612317915200983,,
h3_expanding,3,expanding,3,2023-01-01,2023-02-28,2023-04-01,0.06612317915200983,92,2,0,development,elastic_net,0.013527711536419023,-0.0525954676155908,"{""alpha"":0.5,""l1_ratio"":0.5,""max_iter"":20000}",0.13176513691357916
h3_expanding,3,expanding,3,2023-02-01,2023-03-31,2023-05-01,-0.0010318574814802695,93,2,0,development,zero_change,0.0,0.0010318574814802695,,
h3_expanding,3,expanding,3,2023-02-01,2023-03-31,2023-05-01,-0.0010318574814802695,93,2,0,development,elastic_net,0.017498115128001833,0.018529972609482102,"{""alpha"":0.5,""l1_ratio"":0.5,""max_iter"":20000}",0.13176513691357916
h3_expanding,3,expanding,4,2023-03-01,2023-04-28,2023-06-01,-0.014794885303210048,94,2,0,development,zero_change,0.0,0.014794885303210048,,
h3_expanding,3,expanding,4,2023-03-01,2023-04-28,2023-06-01,-0.014794885303210048,94,2,0,development,elastic_net,0.14129996683237553,0.15609485213558558,"{""alpha"":0.1,""l1_ratio"":0.1,""max_iter"":20000}",0.23677514622127704
h3_expanding,3,expanding,4,2023-04-01,2023-05-31,2023-07-01,-0.02425143370833993,95,2,0,development,zero_change,0.0,0.02425143370833993,,
h3_expanding,3,expanding,4,2023-04-01,2023-05-31,2023-07-01,-0.02425143370833993,95,2,0,development,elastic_net,0.0491148408717665,0.07336627458010643,"{""alpha"":0.1,""l1_ratio"":0.1,""max_iter"":20000}",0.23677514622127704
h3_expanding,3,expanding,4,2023-05-01,2023-06-30,2023-08-01,-0.08407626297738968,96,2,0,development,zero_change,0.0,0.08407626297738968,,
h3_expanding,3,expanding,4,2023-05-01,2023-06-30,2023-08-01,-0.08407626297738968,96,2,0,development,elastic_net,-0.031903065325823224,0.05217319765156646,"{""alpha"":0.1,""l1_ratio"":0.1,""max_iter"":20000}",0.23677514622127704
h3_expanding,3,expanding,4,2023-06-01,2023-07-31,2023-09-01,0.0712798006424098,97,2,0,development,zero_change,0.0,-0.0712798006424098,,
h3_expanding,3,expanding,4,2023-06-01,2023-07-31,2023-09-01,0.0712798006424098,97,2,0,development,elastic_net,-0.06808095894504154,-0.13936075958745134,"{""alpha"":0.1,""l1_ratio"":0.1,""max_iter"":20000}",0.23677514622127704
h3_expanding,3,expanding,4,2023-07-01,2023-08-31,2023-10-01,0.07362775260342014,98,2,0,development,zero_change,0.0,-0.07362775260342014,,
h3_expanding,3,expanding,4,2023-07-01,2023-08-31,2023-10-01,0.07362775260342014,98,2,0,development,elastic_net,-0.05911239053826107,-0.1327401431416812,"{""alpha"":0.1,""l1_ratio"":0.1,""max_iter"":20000}",0.23677514622127704
h3_expanding,3,expanding,4,2023-08-01,2023-09-29,2023-11-01,0.17116147418615002,99,2,0,development,zero_change,0.0,-0.17116147418615002,,
h3_expanding,3,expanding,4,2023-08-01,2023-09-29,2023-11-01,0.17116147418615002,99,2,0,development,elastic_net,-0.06677678044794969,-0.2379382546340997,"{""alpha"":0.1,""l1_ratio"":0.1,""max_iter"":20000}",0.23677514622127704
h3_expanding,3,expanding,4,2023-09-01,2023-10-31,2023-12-01,0.12971731391183017,100,2,0,development,zero_change,0.0,-0.12971731391183017,,
h3_expanding,3,expanding,4,2023-09-01,2023-10-31,2023-12-01,0.12971731391183017,100,2,0,development,elastic_net,-0.03481620153146461,-0.16453351544329478,"{""alpha"":0.1,""l1_ratio"":0.1,""max_iter"":20000}",0.23677514622127704
h3_expanding,3,expanding,4,2023-10-01,2023-11-30,2024-01-01,0.17061737591594017,101,2,0,development,zero_change,0.0,-0.17061737591594017,,
h3_expanding,3,expanding,4,2023-10-01,2023-11-30,2024-01-01,0.17061737591594017,101,2,0,development,elastic_net,-0.028541942896684696,-0.19915931881262486,"{""alpha"":0.1,""l1_ratio"":0.1,""max_iter"":20000}",0.23677514622127704
h3_expanding,3,expanding,4,2023-11-01,2023-12-29,2024-02-01,0.1675229332384398,102,2,0,development,zero_change,0.0,-0.1675229332384398,,
h3_expanding,3,expanding,4,2023-11-01,2023-12-29,2024-02-01,0.1675229332384398,102,2,0,development,elastic_net,-0.016595042785771077,-0.18411797602421087,"{""alpha"":0.1,""l1_ratio"":0.1,""max_iter"":20000}",0.23677514622127704
h3_expanding,3,expanding,4,2023-12-01,2024-01-31,2024-03-01,0.05297526600798008,103,2,0,development,zero_change,0.0,-0.05297526600798008,,
h3_expanding,3,expanding,4,2023-12-01,2024-01-31,2024-03-01,0.05297526600798008,103,2,0,development,elastic_net,-0.02202003721512689,-0.07499530322310698,"{""alpha"":0.1,""l1_ratio"":0.1,""max_iter"":20000}",0.23677514622127704
h3_rolling,3,rolling,1,2020-03-01,2020-04-29,2020-06-01,0.3235537429087998,58,2,0,development,zero_change,0.0,-0.3235537429087998,,
h3_rolling,3,rolling,1,2020-03-01,2020-04-29,2020-06-01,0.3235537429087998,58,2,0,development,elastic_net,0.018341400426540526,-0.30521234248225926,"{""alpha"":0.1,""l1_ratio"":0.9,""max_iter"":20000}",0.10048926523313113
h3_rolling,3,rolling,1,2020-04-01,2020-05-28,2020-07-01,0.026160037341400155,58,2,1,development,zero_change,0.0,-0.026160037341400155,,
h3_rolling,3,rolling,1,2020-04-01,2020-05-28,2020-07-01,0.026160037341400155,58,2,1,development,elastic_net,0.023331250373287597,-0.0028287869681125587,"{""alpha"":0.1,""l1_ratio"":0.9,""max_iter"":20000}",0.10048926523313113
h3_rolling,3,rolling,1,2020-05-01,2020-06-26,2020-08-01,-0.5420572872127201,58,2,2,development,zero_change,0.0,0.5420572872127201,,
h3_rolling,3,rolling,1,2020-05-01,2020-06-26,2020-08-01,-0.5420572872127201,58,2,2,development,elastic_net,0.030740122349216043,0.5727974095619361,"{""alpha"":0.1,""l1_ratio"":0.9,""max_iter"":20000}",0.10048926523313113
h3_rolling,3,rolling,1,2020-06-01,2020-07-30,2020-09-01,-0.9576941743063501,58,2,3,development,zero_change,0.0,0.9576941743063501,,
h3_rolling,3,rolling,1,2020-06-01,2020-07-30,2020-09-01,-0.9576941743063501,58,2,3,development,elastic_net,0.03810366243468397,0.9957978367410341,"{""alpha"":0.1,""l1_ratio"":0.9,""max_iter"":20000}",0.10048926523313113
h3_rolling,3,rolling,1,2020-07-01,2020-08-28,2020-10-01,-1.1221792539207203,58,2,4,development,zero_change,0.0,1.1221792539207203,,
h3_rolling,3,rolling,1,2020-07-01,2020-08-28,2020-10-01,-1.1221792539207203,58,2,4,development,elastic_net,0.03975188925097414,1.1619311431716943,"{""alpha"":0.1,""l1_ratio"":0.9,""max_iter"":20000}",0.10048926523313113
h3_rolling,3,rolling,1,2020-08-01,2020-09-29,2020-11-01,-0.76287423773878,58,2,5,development,zero_change,0.0,0.76287423773878,,
h3_rolling,3,rolling,1,2020-08-01,2020-09-29,2020-11-01,-0.76287423773878,58,2,5,development,elastic_net,0.0323415446478919,0.7952157823866719,"{""alpha"":0.1,""l1_ratio"":0.9,""max_iter"":20000}",0.10048926523313113
h3_rolling,3,rolling,1,2020-09-01,2020-10-29,2020-12-01,-0.4397151506769299,58,2,6,development,zero_change,0.0,0.4397151506769299,,
h3_rolling,3,rolling,1,2020-09-01,2020-10-29,2020-12-01,-0.4397151506769299,58,2,6,development,elastic_net,-0.08254261837281629,0.3571725323041136,"{""alpha"":0.1,""l1_ratio"":0.9,""max_iter"":20000}",0.10048926523313113
h3_rolling,3,rolling,1,2020-10-01,2020-11-27,2021-01-01,-0.14490951200579993,58,2,7,development,zero_change,0.0,0.14490951200579993,,
h3_rolling,3,rolling,1,2020-10-01,2020-11-27,2021-01-01,-0.14490951200579993,58,2,7,development,elastic_net,-0.26381966587564837,-0.11891015386984843,"{""alpha"":0.1,""l1_ratio"":0.9,""max_iter"":20000}",0.10048926523313113
h3_rolling,3,rolling,1,2020-11-01,2020-12-30,2021-02-01,-0.07435504762188994,58,2,8,development,zero_change,0.0,0.07435504762188994,,
h3_rolling,3,rolling,1,2020-11-01,2020-12-30,2021-02-01,-0.07435504762188994,58,2,8,development,elastic_net,-0.1798477676186416,-0.10549271999675167,"{""alpha"":0.1,""l1_ratio"":0.9,""max_iter"":20000}",0.10048926523313113
h3_rolling,3,rolling,1,2020-12-01,2021-01-28,2021-03-01,-0.0739767783163201,58,2,9,development,zero_change,0.0,0.0739767783163201,,
h3_rolling,3,rolling,1,2020-12-01,2021-01-28,2021-03-01,-0.0739767783163201,58,2,9,development,elastic_net,-0.08675104151789771,-0.01277426320157761,"{""alpha"":0.1,""l1_ratio"":0.9,""max_iter"":20000}",0.10048926523313113
h3_rolling,3,rolling,1,2021-01-01,2021-02-25,2021-04-01,-0.018495782180020015,58,2,10,development,zero_change,0.0,0.018495782180020015,,
h3_rolling,3,rolling,1,2021-01-01,2021-02-25,2021-04-01,-0.018495782180020015,58,2,10,development,elastic_net,-0.040917041058699324,-0.02242125887867931,"{""alpha"":0.1,""l1_ratio"":0.9,""max_iter"":20000}",0.10048926523313113
h3_rolling,3,rolling,1,2021-02-01,2021-03-30,2021-05-01,0.004668849384799945,58,2,11,development,zero_change,0.0,-0.004668849384799945,,
h3_rolling,3,rolling,1,2021-02-01,2021-03-30,2021-05-01,0.004668849384799945,58,2,11,development,elastic_net,-0.07200146113615159,-0.07667031052095154,"{""alpha"":0.1,""l1_ratio"":0.9,""max_iter"":20000}",0.10048926523313113
h3_rolling,3,rolling,2,2021-03-01,2021-04-29,2021-06-01,0.019572347984259997,58,2,12,development,zero_change,0.0,-0.019572347984259997,,
h3_rolling,3,rolling,2,2021-03-01,2021-04-29,2021-06-01,0.019572347984259997,58,2,12,development,elastic_net,-0.011337727470772885,-0.03091007545503288,"{""alpha"":0.1,""l1_ratio"":0.9,""max_iter"":20000}",0.4094979305276955
h3_rolling,3,rolling,2,2021-04-01,2021-05-28,2021-07-01,-0.09906378154662998,58,2,13,development,zero_change,0.0,0.09906378154662998,,
h3_rolling,3,rolling,2,2021-04-01,2021-05-28,2021-07-01,-0.09906378154662998,58,2,13,development,elastic_net,0.09458952508766086,0.19365330663429084,"{""alpha"":0.1,""l1_ratio"":0.9,""max_iter"":20000}",0.4094979305276955
h3_rolling,3,rolling,2,2021-05-01,2021-06-29,2021-08-01,-0.23967086639925994,58,2,14,development,zero_change,0.0,0.23967086639925994,,
h3_rolling,3,rolling,2,2021-05-01,2021-06-29,2021-08-01,-0.23967086639925994,58,2,14,development,elastic_net,0.2851850061298485,0.5248558725291084,"{""alpha"":0.1,""l1_ratio"":0.9,""max_iter"":20000}",0.4094979305276955
h3_rolling,3,rolling,2,2021-06-01,2021-07-29,2021-09-01,-0.27880042182744,58,2,15,development,zero_change,0.0,0.27880042182744,,
h3_rolling,3,rolling,2,2021-06-01,2021-07-29,2021-09-01,-0.27880042182744,58,2,15,development,elastic_net,0.43009561218882175,0.7088960340162618,"{""alpha"":0.1,""l1_ratio"":0.9,""max_iter"":20000}",0.4094979305276955
h3_rolling,3,rolling,2,2021-07-01,2021-08-30,2021-10-01,-0.2188837339227001,58,2,16,development,zero_change,0.0,0.2188837339227001,,
h3_rolling,3,rolling,2,2021-07-01,2021-08-30,2021-10-01,-0.2188837339227001,58,2,16,development,elastic_net,0.43551522804015524,0.6543989619628554,"{""alpha"":0.1,""l1_ratio"":0.9,""max_iter"":20000}",0.4094979305276955
h3_rolling,3,rolling,2,2021-08-01,2021-09-29,2021-11-01,-0.03915502233643009,58,2,17,development,zero_change,0.0,0.03915502233643009,,
h3_rolling,3,rolling,2,2021-08-01,2021-09-29,2021-11-01,-0.03915502233643009,58,2,17,development,elastic_net,0.21364561553068193,0.25280063786711204,"{""alpha"":0.1,""l1_ratio"":0.9,""max_iter"":20000}",0.4094979305276955
h3_rolling,3,rolling,2,2021-09-01,2021-10-28,2021-12-01,0.03506924670158007,58,2,18,development,zero_change,0.0,-0.03506924670158007,,
h3_rolling,3,rolling,2,2021-09-01,2021-10-28,2021-12-01,0.03506924670158007,58,2,18,development,elastic_net,0.03421111912065924,-0.0008581275809208325,"{""alpha"":0.1,""l1_ratio"":0.9,""max_iter"":20000}",0.4094979305276955
h3_rolling,3,rolling,2,2021-10-01,2021-11-29,2022-01-01,0.1643480684914902,58,2,19,development,zero_change,0.0,-0.1643480684914902,,
h3_rolling,3,rolling,2,2021-10-01,2021-11-29,2022-01-01,0.1643480684914902,58,2,19,development,elastic_net,-0.03755332068478189,-0.2019013891762721,"{""alpha"":0.1,""l1_ratio"":0.9,""max_iter"":20000}",0.4094979305276955
h3_rolling,3,rolling,2,2021-11-01,2021-12-30,2022-02-01,0.1953780781277601,58,2,20,development,zero_change,0.0,-0.1953780781277601,,
h3_rolling,3,rolling,2,2021-11-01,2021-12-30,2022-02-01,0.1953780781277601,58,2,20,development,elastic_net,-0.03681017212548506,-0.23218825025324516,"{""alpha"":0.1,""l1_ratio"":0.9,""max_iter"":20000}",0.4094979305276955
h3_rolling,3,rolling,2,2021-12-01,2022-01-28,2022-03-01,0.21587232151244007,58,2,21,development,zero_change,0.0,-0.21587232151244007,,
h3_rolling,3,rolling,2,2021-12-01,2022-01-28,2022-03-01,0.21587232151244007,58,2,21,development,elastic_net,-0.014722110812500022,-0.2305944323249401,"{""alpha"":0.1,""l1_ratio"":0.9,""max_iter"":20000}",0.4094979305276955
h3_rolling,3,rolling,2,2022-01-01,2022-02-28,2022-04-01,0.23849174891596991,58,2,22,development,zero_change,0.0,-0.23849174891596991,,
h3_rolling,3,rolling,2,2022-01-01,2022-02-28,2022-04-01,0.23849174891596991,58,2,22,development,elastic_net,0.0002645604192537676,-0.23822718849671615,"{""alpha"":0.1,""l1_ratio"":0.9,""max_iter"":20000}",0.4094979305276955
h3_rolling,3,rolling,2,2022-02-01,2022-03-30,2022-05-01,0.32251775760533996,58,2,23,development,zero_change,0.0,-0.32251775760533996,,
h3_rolling,3,rolling,2,2022-02-01,2022-03-30,2022-05-01,0.32251775760533996,58,2,23,development,elastic_net,-0.00017546606463749587,-0.32269322366997744,"{""alpha"":0.1,""l1_ratio"":0.9,""max_iter"":20000}",0.4094979305276955
h3_rolling,3,rolling,3,2022-03-01,2022-04-28,2022-06-01,0.41860566710587,58,2,24,development,zero_change,0.0,-0.41860566710587,,
h3_rolling,3,rolling,3,2022-03-01,2022-04-28,2022-06-01,0.41860566710587,58,2,24,development,elastic_net,-0.04502989008893465,-0.46363555719480465,"{""alpha"":0.5,""l1_ratio"":0.5,""max_iter"":20000}",0.1351388319414847
h3_rolling,3,rolling,3,2022-04-01,2022-05-30,2022-07-01,0.41109562786973,58,2,25,development,zero_change,0.0,-0.41109562786973,,
h3_rolling,3,rolling,3,2022-04-01,2022-05-30,2022-07-01,0.41109562786973,58,2,25,development,elastic_net,-0.03963823742859966,-0.45073386529832965,"{""alpha"":0.5,""l1_ratio"":0.5,""max_iter"":20000}",0.1351388319414847
h3_rolling,3,rolling,3,2022-05-01,2022-06-29,2022-08-01,0.36038857893176024,58,2,26,development,zero_change,0.0,-0.36038857893176024,,
h3_rolling,3,rolling,3,2022-05-01,2022-06-29,2022-08-01,0.36038857893176024,58,2,26,development,elastic_net,-0.03250138750724224,-0.3928899664390025,"{""alpha"":0.5,""l1_ratio"":0.5,""max_iter"":20000}",0.1351388319414847
h3_rolling,3,rolling,3,2022-06-01,2022-07-28,2022-09-01,0.22785096238337,58,2,27,development,zero_change,0.0,-0.22785096238337,,
h3_rolling,3,rolling,3,2022-06-01,2022-07-28,2022-09-01,0.22785096238337,58,2,27,development,elastic_net,-0.02270114346507758,-0.25055210584844756,"{""alpha"":0.5,""l1_ratio"":0.5,""max_iter"":20000}",0.1351388319414847
h3_rolling,3,rolling,3,2022-07-01,2022-08-30,2022-10-01,0.40955567573761,58,2,28,development,zero_change,0.0,-0.40955567573761,,
h3_rolling,3,rolling,3,2022-07-01,2022-08-30,2022-10-01,0.40955567573761,58,2,28,development,elastic_net,-0.014671664533932583,-0.4242273402715426,"{""alpha"":0.5,""l1_ratio"":0.5,""max_iter"":20000}",0.1351388319414847
h3_rolling,3,rolling,3,2022-08-01,2022-09-29,2022-11-01,0.39707168993009967,58,2,29,development,zero_change,0.0,-0.39707168993009967,,
h3_rolling,3,rolling,3,2022-08-01,2022-09-29,2022-11-01,0.39707168993009967,58,2,29,development,elastic_net,-0.007898093131951027,-0.40496978306205067,"{""alpha"":0.5,""l1_ratio"":0.5,""max_iter"":20000}",0.1351388319414847
h3_rolling,3,rolling,3,2022-09-01,2022-10-27,2022-12-01,0.4900747441788902,58,2,30,development,zero_change,0.0,-0.4900747441788902,,
h3_rolling,3,rolling,3,2022-09-01,2022-10-27,2022-12-01,0.4900747441788902,58,2,30,development,elastic_net,-0.005343377296068788,-0.49541812147495895,"{""alpha"":0.5,""l1_ratio"":0.5,""max_iter"":20000}",0.1351388319414847
h3_rolling,3,rolling,3,2022-10-01,2022-11-29,2023-01-01,0.40815467215999,58,2,31,development,zero_change,0.0,-0.40815467215999,,
h3_rolling,3,rolling,3,2022-10-01,2022-11-29,2023-01-01,0.40815467215999,58,2,31,development,elastic_net,0.00016963125916483096,-0.4079850409008252,"{""alpha"":0.5,""l1_ratio"":0.5,""max_iter"":20000}",0.1351388319414847
h3_rolling,3,rolling,3,2022-11-01,2022-12-29,2023-02-01,0.3827752455536202,58,2,32,development,zero_change,0.0,-0.3827752455536202,,
h3_rolling,3,rolling,3,2022-11-01,2022-12-29,2023-02-01,0.3827752455536202,58,2,32,development,elastic_net,0.004247543866096718,-0.3785277016875235,"{""alpha"":0.5,""l1_ratio"":0.5,""max_iter"":20000}",0.1351388319414847
h3_rolling,3,rolling,3,2022-12-01,2023-01-31,2023-03-01,0.21896440234537984,58,2,33,development,zero_change,0.0,-0.21896440234537984,,
h3_rolling,3,rolling,3,2022-12-01,2023-01-31,2023-03-01,0.21896440234537984,58,2,33,development,elastic_net,0.010685704188298962,-0.2082786981570809,"{""alpha"":0.5,""l1_ratio"":0.5,""max_iter"":20000}",0.1351388319414847
h3_rolling,3,rolling,3,2023-01-01,2023-02-28,2023-04-01,0.06612317915200983,58,2,34,development,zero_change,0.0,-0.06612317915200983,,
h3_rolling,3,rolling,3,2023-01-01,2023-02-28,2023-04-01,0.06612317915200983,58,2,34,development,elastic_net,0.018445179425044308,-0.047677999726965514,"{""alpha"":0.5,""l1_ratio"":0.5,""max_iter"":20000}",0.1351388319414847
h3_rolling,3,rolling,3,2023-02-01,2023-03-31,2023-05-01,-0.0010318574814802695,58,2,35,development,zero_change,0.0,0.0010318574814802695,,
h3_rolling,3,rolling,3,2023-02-01,2023-03-31,2023-05-01,-0.0010318574814802695,58,2,35,development,elastic_net,0.027696143238348275,0.028728000719828544,"{""alpha"":0.5,""l1_ratio"":0.5,""max_iter"":20000}",0.1351388319414847
h3_rolling,3,rolling,4,2023-03-01,2023-04-28,2023-06-01,-0.014794885303210048,58,2,36,development,zero_change,0.0,0.014794885303210048,,
h3_rolling,3,rolling,4,2023-03-01,2023-04-28,2023-06-01,-0.014794885303210048,58,2,36,development,elastic_net,0.1823524060245942,0.19714729132780426,"{""alpha"":0.5,""l1_ratio"":0.1,""max_iter"":20000}",0.19309715223380639
h3_rolling,3,rolling,4,2023-04-01,2023-05-31,2023-07-01,-0.02425143370833993,58,2,37,development,zero_change,0.0,0.02425143370833993,,
h3_rolling,3,rolling,4,2023-04-01,2023-05-31,2023-07-01,-0.02425143370833993,58,2,37,development,elastic_net,0.09293781652927356,0.1171892502376135,"{""alpha"":0.5,""l1_ratio"":0.1,""max_iter"":20000}",0.19309715223380639
h3_rolling,3,rolling,4,2023-05-01,2023-06-30,2023-08-01,-0.08407626297738968,58,2,38,development,zero_change,0.0,0.08407626297738968,,
h3_rolling,3,rolling,4,2023-05-01,2023-06-30,2023-08-01,-0.08407626297738968,58,2,38,development,elastic_net,0.03977259064366317,0.12384885362105286,"{""alpha"":0.5,""l1_ratio"":0.1,""max_iter"":20000}",0.19309715223380639
h3_rolling,3,rolling,4,2023-06-01,2023-07-31,2023-09-01,0.0712798006424098,58,2,39,development,zero_change,0.0,-0.0712798006424098,,
h3_rolling,3,rolling,4,2023-06-01,2023-07-31,2023-09-01,0.0712798006424098,58,2,39,development,elastic_net,0.011459751238314785,-0.05982004940409501,"{""alpha"":0.5,""l1_ratio"":0.1,""max_iter"":20000}",0.19309715223380639
h3_rolling,3,rolling,4,2023-07-01,2023-08-31,2023-10-01,0.07362775260342014,58,2,40,development,zero_change,0.0,-0.07362775260342014,,
h3_rolling,3,rolling,4,2023-07-01,2023-08-31,2023-10-01,0.07362775260342014,58,2,40,development,elastic_net,-0.009546015070611431,-0.08317376767403156,"{""alpha"":0.5,""l1_ratio"":0.1,""max_iter"":20000}",0.19309715223380639
h3_rolling,3,rolling,4,2023-08-01,2023-09-29,2023-11-01,0.17116147418615002,58,2,41,development,zero_change,0.0,-0.17116147418615002,,
h3_rolling,3,rolling,4,2023-08-01,2023-09-29,2023-11-01,0.17116147418615002,58,2,41,development,elastic_net,-0.06382771316157423,-0.23498918734772425,"{""alpha"":0.5,""l1_ratio"":0.1,""max_iter"":20000}",0.19309715223380639
h3_rolling,3,rolling,4,2023-09-01,2023-10-31,2023-12-01,0.12971731391183017,58,2,42,development,zero_change,0.0,-0.12971731391183017,,
h3_rolling,3,rolling,4,2023-09-01,2023-10-31,2023-12-01,0.12971731391183017,58,2,42,development,elastic_net,-0.08047721297092439,-0.21019452688275456,"{""alpha"":0.5,""l1_ratio"":0.1,""max_iter"":20000}",0.19309715223380639
h3_rolling,3,rolling,4,2023-10-01,2023-11-30,2024-01-01,0.17061737591594017,58,2,43,development,zero_change,0.0,-0.17061737591594017,,
h3_rolling,3,rolling,4,2023-10-01,2023-11-30,2024-01-01,0.17061737591594017,58,2,43,development,elastic_net,-0.0747591614558677,-0.24537653737180787,"{""alpha"":0.5,""l1_ratio"":0.1,""max_iter"":20000}",0.19309715223380639
h3_rolling,3,rolling,4,2023-11-01,2023-12-29,2024-02-01,0.1675229332384398,58,2,44,development,zero_change,0.0,-0.1675229332384398,,
h3_rolling,3,rolling,4,2023-11-01,2023-12-29,2024-02-01,0.1675229332384398,58,2,44,development,elastic_net,-0.04075468950873125,-0.20827762274717104,"{""alpha"":0.5,""l1_ratio"":0.1,""max_iter"":20000}",0.19309715223380639
h3_rolling,3,rolling,4,2023-12-01,2024-01-31,2024-03-01,0.05297526600798008,58,2,45,development,zero_change,0.0,-0.05297526600798008,,
h3_rolling,3,rolling,4,2023-12-01,2024-01-31,2024-03-01,0.05297526600798008,58,2,45,development,elastic_net,-0.02185269150823807,-0.07482795751621815,"{""alpha"":0.5,""l1_ratio"":0.1,""max_iter"":20000}",0.19309715223380639
h6_expanding,6,expanding,1,2020-03-01,2020-04-29,2020-09-01,-0.6341404313975503,55,5,0,development,zero_change,0.0,0.6341404313975503,,
h6_expanding,6,expanding,1,2020-03-01,2020-04-29,2020-09-01,-0.6341404313975503,55,5,0,development,elastic_net,0.043457216030343096,0.6775976474278934,"{""alpha"":0.5,""l1_ratio"":0.5,""max_iter"":20000}",0.18710914738989373
h6_expanding,6,expanding,1,2020-04-01,2020-05-28,2020-10-01,-1.09601921657932,56,5,0,development,zero_change,0.0,1.09601921657932,,
h6_expanding,6,expanding,1,2020-04-01,2020-05-28,2020-10-01,-1.09601921657932,56,5,0,development,elastic_net,0.0475065739699659,1.143525790549286,"{""alpha"":0.5,""l1_ratio"":0.5,""max_iter"":20000}",0.18710914738989373
h6_expanding,6,expanding,1,2020-05-01,2020-06-26,2020-11-01,-1.3049315249515,57,5,0,development,zero_change,0.0,1.3049315249515,,
h6_expanding,6,expanding,1,2020-05-01,2020-06-26,2020-11-01,-1.3049315249515,57,5,0,development,elastic_net,0.051831021492134574,1.3567625464436346,"{""alpha"":0.5,""l1_ratio"":0.5,""max_iter"":20000}",0.18710914738989373
h6_expanding,6,expanding,1,2020-06-01,2020-07-30,2020-12-01,-1.39740932498328,58,5,0,development,zero_change,0.0,1.39740932498328,,
h6_expanding,6,expanding,1,2020-06-01,2020-07-30,2020-12-01,-1.39740932498328,58,5,0,development,elastic_net,0.0564450628612245,1.4538543878445045,"{""alpha"":0.5,""l1_ratio"":0.5,""max_iter"":20000}",0.18710914738989373
h6_expanding,6,expanding,1,2020-07-01,2020-08-28,2021-01-01,-1.2670887659265202,59,5,0,development,zero_change,0.0,1.2670887659265202,,
h6_expanding,6,expanding,1,2020-07-01,2020-08-28,2021-01-01,-1.2670887659265202,59,5,0,development,elastic_net,0.059355925098238324,1.3264446910247585,"{""alpha"":0.5,""l1_ratio"":0.5,""max_iter"":20000}",0.18710914738989373
h6_expanding,6,expanding,1,2020-08-01,2020-09-29,2021-02-01,-0.83722928536067,60,5,0,development,zero_change,0.0,0.83722928536067,,
h6_expanding,6,expanding,1,2020-08-01,2020-09-29,2021-02-01,-0.83722928536067,60,5,0,development,elastic_net,0.05470109775719552,0.8919303831178655,"{""alpha"":0.5,""l1_ratio"":0.5,""max_iter"":20000}",0.18710914738989373
h6_expanding,6,expanding,1,2020-09-01,2020-10-29,2021-03-01,-0.51369192899325,61,5,0,development,zero_change,0.0,0.51369192899325,,
h6_expanding,6,expanding,1,2020-09-01,2020-10-29,2021-03-01,-0.51369192899325,61,5,0,development,elastic_net,0.04340861367269149,0.5571005426659414,"{""alpha"":0.5,""l1_ratio"":0.5,""max_iter"":20000}",0.18710914738989373
h6_expanding,6,expanding,1,2020-10-01,2020-11-27,2021-04-01,-0.16340529418581995,62,5,0,development,zero_change,0.0,0.16340529418581995,,
h6_expanding,6,expanding,1,2020-10-01,2020-11-27,2021-04-01,-0.16340529418581995,62,5,0,development,elastic_net,0.025030745442820336,0.18843603962864028,"{""alpha"":0.5,""l1_ratio"":0.5,""max_iter"":20000}",0.18710914738989373
h6_expanding,6,expanding,1,2020-11-01,2020-12-30,2021-05-01,-0.06968619823708999,63,5,0,development,zero_change,0.0,0.06968619823708999,,
h6_expanding,6,expanding,1,2020-11-01,2020-12-30,2021-05-01,-0.06968619823708999,63,5,0,development,elastic_net,0.003920233214339058,0.07360643145142905,"{""alpha"":0.5,""l1_ratio"":0.5,""max_iter"":20000}",0.18710914738989373
h6_expanding,6,expanding,1,2020-12-01,2021-01-28,2021-06-01,-0.054404430332060105,64,5,0,development,zero_change,0.0,0.054404430332060105,,
h6_expanding,6,expanding,1,2020-12-01,2021-01-28,2021-06-01,-0.054404430332060105,64,5,0,development,elastic_net,-0.058042573371265754,-0.003638143039205649,"{""alpha"":0.5,""l1_ratio"":0.5,""max_iter"":20000}",0.18710914738989373
h6_expanding,6,expanding,1,2021-01-01,2021-02-25,2021-07-01,-0.11755956372665,65,5,0,development,zero_change,0.0,0.11755956372665,,
h6_expanding,6,expanding,1,2021-01-01,2021-02-25,2021-07-01,-0.11755956372665,65,5,0,development,elastic_net,-0.2762567194291075,-0.15869715570245752,"{""alpha"":0.5,""l1_ratio"":0.5,""max_iter"":20000}",0.18710914738989373
h6_expanding,6,expanding,1,2021-02-01,2021-03-30,2021-08-01,-0.23500201701446,66,5,0,development,zero_change,0.0,0.23500201701446,,
h6_expanding,6,expanding,1,2021-02-01,2021-03-30,2021-08-01,-0.23500201701446,66,5,0,development,elastic_net,-0.28119829693516873,-0.04619627992070874,"{""alpha"":0.5,""l1_ratio"":0.5,""max_iter"":20000}",0.18710914738989373
h6_expanding,6,expanding,2,2021-03-01,2021-04-29,2021-09-01,-0.25922807384318003,67,5,0,development,zero_change,0.0,0.25922807384318003,,
h6_expanding,6,expanding,2,2021-03-01,2021-04-29,2021-09-01,-0.25922807384318003,67,5,0,development,elastic_net,-0.4655528921324386,-0.20632481828925858,"{""alpha"":0.1,""l1_ratio"":0.9,""max_iter"":20000}",0.7227265442519127
h6_expanding,6,expanding,2,2021-04-01,2021-05-28,2021-10-01,-0.3179475154693301,68,5,0,development,zero_change,0.0,0.3179475154693301,,
h6_expanding,6,expanding,2,2021-04-01,2021-05-28,2021-10-01,-0.3179475154693301,68,5,0,development,elastic_net,0.023013995707150632,0.3409615111764807,"{""alpha"":0.1,""l1_ratio"":0.9,""max_iter"":20000}",0.7227265442519127
h6_expanding,6,expanding,2,2021-05-01,2021-06-29,2021-11-01,-0.27882588873569003,69,5,0,development,zero_change,0.0,0.27882588873569003,,
h6_expanding,6,expanding,2,2021-05-01,2021-06-29,2021-11-01,-0.27882588873569003,69,5,0,development,elastic_net,0.636215924271765,0.915041813007455,"{""alpha"":0.1,""l1_ratio"":0.9,""max_iter"":20000}",0.7227265442519127
h6_expanding,6,expanding,2,2021-06-01,2021-07-29,2021-12-01,-0.24373117512585996,70,5,0,development,zero_change,0.0,0.24373117512585996,,
h6_expanding,6,expanding,2,2021-06-01,2021-07-29,2021-12-01,-0.24373117512585996,70,5,0,development,elastic_net,0.7669940570418724,1.0107252321677325,"{""alpha"":0.1,""l1_ratio"":0.9,""max_iter"":20000}",0.7227265442519127
h6_expanding,6,expanding,2,2021-07-01,2021-08-30,2022-01-01,-0.05453566543120991,71,5,0,development,zero_change,0.0,0.05453566543120991,,
h6_expanding,6,expanding,2,2021-07-01,2021-08-30,2022-01-01,-0.05453566543120991,71,5,0,development,elastic_net,0.8328196043672076,0.8873552697984175,"{""alpha"":0.1,""l1_ratio"":0.9,""max_iter"":20000}",0.7227265442519127
h6_expanding,6,expanding,2,2021-08-01,2021-09-29,2022-02-01,0.15622305579133,72,5,0,development,zero_change,0.0,-0.15622305579133,,
h6_expanding,6,expanding,2,2021-08-01,2021-09-29,2022-02-01,0.15622305579133,72,5,0,development,elastic_net,0.8469817630895857,0.6907587072982557,"{""alpha"":0.1,""l1_ratio"":0.9,""max_iter"":20000}",0.7227265442519127
h6_expanding,6,expanding,2,2021-09-01,2021-10-28,2022-03-01,0.25094156821402014,73,5,0,development,zero_change,0.0,-0.25094156821402014,,
h6_expanding,6,expanding,2,2021-09-01,2021-10-28,2022-03-01,0.25094156821402014,73,5,0,development,elastic_net,0.7564887343305929,0.5055471661165728,"{""alpha"":0.1,""l1_ratio"":0.9,""max_iter"":20000}",0.7227265442519127
h6_expanding,6,expanding,2,2021-10-01,2021-11-29,2022-04-01,0.4028398174074601,74,5,0,development,zero_change,0.0,-0.4028398174074601,,
h6_expanding,6,expanding,2,2021-10-01,2021-11-29,2022-04-01,0.4028398174074601,74,5,0,development,elastic_net,0.42324312099054084,0.020403303583080734,"{""alpha"":0.1,""l1_ratio"":0.9,""max_iter"":20000}",0.7227265442519127
h6_expanding,6,expanding,2,2021-11-01,2021-12-30,2022-05-01,0.5178958357331,75,5,0,development,zero_change,0.0,-0.5178958357331,,
h6_expanding,6,expanding,2,2021-11-01,2021-12-30,2022-05-01,0.5178958357331,75,5,0,development,elastic_net,0.3063077932410502,-0.21158804249204988,"{""alpha"":0.1,""l1_ratio"":0.9,""max_iter"":20000}",0.7227265442519127
h6_expanding,6,expanding,2,2021-12-01,2022-01-28,2022-06-01,0.6344779886183101,76,5,0,development,zero_change,0.0,-0.6344779886183101,,
h6_expanding,6,expanding,2,2021-12-01,2022-01-28,2022-06-01,0.6344779886183101,76,5,0,development,elastic_net,0.24213380591808087,-0.3923441827002292,"{""alpha"":0.1,""l1_ratio"":0.9,""max_iter"":20000}",0.7227265442519127
h6_expanding,6,expanding,2,2022-01-01,2022-02-28,2022-07-01,0.6495873767856999,77,5,0,development,zero_change,0.0,-0.6495873767856999,,
h6_expanding,6,expanding,2,2022-01-01,2022-02-28,2022-07-01,0.6495873767856999,77,5,0,development,elastic_net,0.2027867241008034,-0.4468006526848965,"{""alpha"":0.1,""l1_ratio"":0.9,""max_iter"":20000}",0.7227265442519127
h6_expanding,6,expanding,2,2022-02-01,2022-03-30,2022-08-01,0.6829063365371002,78,5,0,development,zero_change,0.0,-0.6829063365371002,,
h6_expanding,6,expanding,2,2022-02-01,2022-03-30,2022-08-01,0.6829063365371002,78,5,0,development,elastic_net,0.2490675288204024,-0.4338388077166978,"{""alpha"":0.1,""l1_ratio"":0.9,""max_iter"":20000}",0.7227265442519127
h6_expanding,6,expanding,3,2022-03-01,2022-04-28,2022-09-01,0.64645662948924,79,5,0,development,zero_change,0.0,-0.64645662948924,,
h6_expanding,6,expanding,3,2022-03-01,2022-04-28,2022-09-01,0.64645662948924,79,5,0,development,elastic_net,-0.06526083304881469,-0.7117174625380547,"{""alpha"":0.5,""l1_ratio"":0.5,""max_iter"":20000}",0.15804265683838964
h6_expanding,6,expanding,3,2022-04-01,2022-05-30,2022-10-01,0.82065130360734,80,5,0,development,zero_change,0.0,-0.82065130360734,,
h6_expanding,6,expanding,3,2022-04-01,2022-05-30,2022-10-01,0.82065130360734,80,5,0,development,elastic_net,-0.05940957491811125,-0.8800608785254512,"{""alpha"":0.5,""l1_ratio"":0.5,""max_iter"":20000}",0.15804265683838964
h6_expanding,6,expanding,3,2022-05-01,2022-06-29,2022-11-01,0.7574602688618599,81,5,0,development,zero_change,0.0,-0.7574602688618599,,
h6_expanding,6,expanding,3,2022-05-01,2022-06-29,2022-11-01,0.7574602688618599,81,5,0,development,elastic_net,-0.052282347626120995,-0.8097426164879808,"{""alpha"":0.5,""l1_ratio"":0.5,""max_iter"":20000}",0.15804265683838964
h6_expanding,6,expanding,3,2022-06-01,2022-07-28,2022-12-01,0.7179257065622602,82,5,0,development,zero_change,0.0,-0.7179257065622602,,
h6_expanding,6,expanding,3,2022-06-01,2022-07-28,2022-12-01,0.7179257065622602,82,5,0,development,elastic_net,-0.04390722157435963,-0.7618329281366198,"{""alpha"":0.5,""l1_ratio"":0.5,""max_iter"":20000}",0.15804265683838964
h6_expanding,6,expanding,3,2022-07-01,2022-08-30,2023-01-01,0.8177103478976,83,5,0,development,zero_change,0.0,-0.8177103478976,,
h6_expanding,6,expanding,3,2022-07-01,2022-08-30,2023-01-01,0.8177103478976,83,5,0,development,elastic_net,-0.03555186496761193,-0.853262212865212,"{""alpha"":0.5,""l1_ratio"":0.5,""max_iter"":20000}",0.15804265683838964
h6_expanding,6,expanding,3,2022-08-01,2022-09-29,2023-02-01,0.7798469354837199,84,5,0,development,zero_change,0.0,-0.7798469354837199,,
h6_expanding,6,expanding,3,2022-08-01,2022-09-29,2023-02-01,0.7798469354837199,84,5,0,development,elastic_net,-0.026998791140174876,-0.8068457266238948,"{""alpha"":0.5,""l1_ratio"":0.5,""max_iter"":20000}",0.15804265683838964
h6_expanding,6,expanding,3,2022-09-01,2022-10-27,2023-03-01,0.70903914652427,85,5,0,development,zero_change,0.0,-0.70903914652427,,
h6_expanding,6,expanding,3,2022-09-01,2022-10-27,2023-03-01,0.70903914652427,85,5,0,development,elastic_net,-0.019075786191593527,-0.7281149327158636,"{""alpha"":0.5,""l1_ratio"":0.5,""max_iter"":20000}",0.15804265683838964
h6_expanding,6,expanding,3,2022-10-01,2022-11-29,2023-04-01,0.47427785131199984,86,5,0,development,zero_change,0.0,-0.47427785131199984,,
h6_expanding,6,expanding,3,2022-10-01,2022-11-29,2023-04-01,0.47427785131199984,86,5,0,development,elastic_net,-0.009311517705559417,-0.4835893690175593,"{""alpha"":0.5,""l1_ratio"":0.5,""max_iter"":20000}",0.15804265683838964
h6_expanding,6,expanding,3,2022-11-01,2022-12-29,2023-05-01,0.3817433880721399,87,5,0,development,zero_change,0.0,-0.3817433880721399,,
h6_expanding,6,expanding,3,2022-11-01,2022-12-29,2023-05-01,0.3817433880721399,87,5,0,development,elastic_net,0.018274200309756124,-0.3634691877623838,"{""alpha"":0.5,""l1_ratio"":0.5,""max_iter"":20000}",0.15804265683838964
h6_expanding,6,expanding,3,2022-12-01,2023-01-31,2023-06-01,0.2041695170421698,88,5,0,development,zero_change,0.0,-0.2041695170421698,,
h6_expanding,6,expanding,3,2022-12-01,2023-01-31,2023-06-01,0.2041695170421698,88,5,0,development,elastic_net,0.04003006603106078,-0.164139451011109,"{""alpha"":0.5,""l1_ratio"":0.5,""max_iter"":20000}",0.15804265683838964
h6_expanding,6,expanding,3,2023-01-01,2023-02-28,2023-07-01,0.041871745443669894,89,5,0,development,zero_change,0.0,-0.041871745443669894,,
h6_expanding,6,expanding,3,2023-01-01,2023-02-28,2023-07-01,0.041871745443669894,89,5,0,development,elastic_net,0.0693467791975463,0.0274750337538764,"{""alpha"":0.5,""l1_ratio"":0.5,""max_iter"":20000}",0.15804265683838964
h6_expanding,6,expanding,3,2023-02-01,2023-03-31,2023-08-01,-0.08510812045886995,90,5,0,development,zero_change,0.0,0.08510812045886995,,
h6_expanding,6,expanding,3,2023-02-01,2023-03-31,2023-08-01,-0.08510812045886995,90,5,0,development,elastic_net,0.08282945599169443,0.1679375764505644,"{""alpha"":0.5,""l1_ratio"":0.5,""max_iter"":20000}",0.15804265683838964
h6_expanding,6,expanding,4,2023-03-01,2023-04-28,2023-09-01,0.05648491533919975,91,5,0,development,zero_change,0.0,-0.05648491533919975,,
h6_expanding,6,expanding,4,2023-03-01,2023-04-28,2023-09-01,0.05648491533919975,91,5,0,development,elastic_net,0.4574982380320851,0.40101332269288537,"{""alpha"":0.1,""l1_ratio"":0.9,""max_iter"":20000}",0.27408838438516553
h6_expanding,6,expanding,4,2023-04-01,2023-05-31,2023-10-01,0.04937631889508021,92,5,0,development,zero_change,0.0,-0.04937631889508021,,
h6_expanding,6,expanding,4,2023-04-01,2023-05-31,2023-10-01,0.04937631889508021,92,5,0,development,elastic_net,0.15680850356552262,0.10743218467044241,"{""alpha"":0.1,""l1_ratio"":0.9,""max_iter"":20000}",0.27408838438516553
h6_expanding,6,expanding,4,2023-05-01,2023-06-30,2023-11-01,0.08708521120876034,93,5,0,development,zero_change,0.0,-0.08708521120876034,,
h6_expanding,6,expanding,4,2023-05-01,2023-06-30,2023-11-01,0.08708521120876034,93,5,0,development,elastic_net,0.03843230190930529,-0.048652909299455045,"{""alpha"":0.1,""l1_ratio"":0.9,""max_iter"":20000}",0.27408838438516553
h6_expanding,6,expanding,4,2023-06-01,2023-07-31,2023-12-01,0.20099711455423996,94,5,0,development,zero_change,0.0,-0.20099711455423996,,
h6_expanding,6,expanding,4,2023-06-01,2023-07-31,2023-12-01,0.20099711455423996,94,5,0,development,elastic_net,-0.003865904155872478,-0.20486301871011245,"{""alpha"":0.1,""l1_ratio"":0.9,""max_iter"":20000}",0.27408838438516553
h6_expanding,6,expanding,4,2023-07-01,2023-08-31,2024-01-01,0.2442451285193603,95,5,0,development,zero_change,0.0,-0.2442451285193603,,
h6_expanding,6,expanding,4,2023-07-01,2023-08-31,2024-01-01,0.2442451285193603,95,5,0,development,elastic_net,-0.0460434085000027,-0.290288537019363,"{""alpha"":0.1,""l1_ratio"":0.9,""max_iter"":20000}",0.27408838438516553
h6_expanding,6,expanding,4,2023-08-01,2023-09-29,2024-02-01,0.33868440742458983,96,5,0,development,zero_change,0.0,-0.33868440742458983,,
h6_expanding,6,expanding,4,2023-08-01,2023-09-29,2024-02-01,0.33868440742458983,96,5,0,development,elastic_net,-0.19653362209561814,-0.535218029520208,"{""alpha"":0.1,""l1_ratio"":0.9,""max_iter"":20000}",0.27408838438516553
h6_expanding,6,expanding,4,2023-09-01,2023-10-31,2024-03-01,0.18269257991981025,97,5,0,development,zero_change,0.0,-0.18269257991981025,,
h6_expanding,6,expanding,4,2023-09-01,2023-10-31,2024-03-01,0.18269257991981025,97,5,0,development,elastic_net,-0.27732790530214346,-0.4600204852219537,"{""alpha"":0.1,""l1_ratio"":0.9,""max_iter"":20000}",0.27408838438516553
h6_expanding,6,expanding,4,2023-10-01,2023-11-30,2024-04-01,0.003731915622779969,98,5,0,development,zero_change,0.0,-0.003731915622779969,,
h6_expanding,6,expanding,4,2023-10-01,2023-11-30,2024-04-01,0.003731915622779969,98,5,0,development,elastic_net,-0.2998386733674141,-0.30357058899019407,"{""alpha"":0.1,""l1_ratio"":0.9,""max_iter"":20000}",0.27408838438516553
h6_expanding,6,expanding,4,2023-11-01,2023-12-29,2024-05-01,-0.10323354615642,99,5,0,development,zero_change,0.0,0.10323354615642,,
h6_expanding,6,expanding,4,2023-11-01,2023-12-29,2024-05-01,-0.10323354615642,99,5,0,development,elastic_net,-0.2612054966522925,-0.15797195049587248,"{""alpha"":0.1,""l1_ratio"":0.9,""max_iter"":20000}",0.27408838438516553
h6_expanding,6,expanding,4,2023-12-01,2024-01-31,2024-06-01,-0.10736343979341001,100,5,0,development,zero_change,0.0,0.10736343979341001,,
h6_expanding,6,expanding,4,2023-12-01,2024-01-31,2024-06-01,-0.10736343979341001,100,5,0,development,elastic_net,-0.20137695999477245,-0.09401352020136244,"{""alpha"":0.1,""l1_ratio"":0.9,""max_iter"":20000}",0.27408838438516553
h6_rolling,6,rolling,1,2020-03-01,2020-04-29,2020-09-01,-0.6341404313975503,55,5,0,development,zero_change,0.0,0.6341404313975503,,
h6_rolling,6,rolling,1,2020-03-01,2020-04-29,2020-09-01,-0.6341404313975503,55,5,0,development,elastic_net,0.043457216030343096,0.6775976474278934,"{""alpha"":0.5,""l1_ratio"":0.5,""max_iter"":20000}",0.18710914738989373
h6_rolling,6,rolling,1,2020-04-01,2020-05-28,2020-10-01,-1.09601921657932,55,5,1,development,zero_change,0.0,1.09601921657932,,
h6_rolling,6,rolling,1,2020-04-01,2020-05-28,2020-10-01,-1.09601921657932,55,5,1,development,elastic_net,0.051221648358712915,1.147240864938033,"{""alpha"":0.5,""l1_ratio"":0.5,""max_iter"":20000}",0.18710914738989373
h6_rolling,6,rolling,1,2020-05-01,2020-06-26,2020-11-01,-1.3049315249515,55,5,2,development,zero_change,0.0,1.3049315249515,,
h6_rolling,6,rolling,1,2020-05-01,2020-06-26,2020-11-01,-1.3049315249515,55,5,2,development,elastic_net,0.060564346280949095,1.3654958712324492,"{""alpha"":0.5,""l1_ratio"":0.5,""max_iter"":20000}",0.18710914738989373
h6_rolling,6,rolling,1,2020-06-01,2020-07-30,2020-12-01,-1.39740932498328,55,5,3,development,zero_change,0.0,1.39740932498328,,
h6_rolling,6,rolling,1,2020-06-01,2020-07-30,2020-12-01,-1.39740932498328,55,5,3,development,elastic_net,0.06954053671292655,1.4669498616962064,"{""alpha"":0.5,""l1_ratio"":0.5,""max_iter"":20000}",0.18710914738989373
h6_rolling,6,rolling,1,2020-07-01,2020-08-28,2021-01-01,-1.2670887659265202,55,5,4,development,zero_change,0.0,1.2670887659265202,,
h6_rolling,6,rolling,1,2020-07-01,2020-08-28,2021-01-01,-1.2670887659265202,55,5,4,development,elastic_net,0.07311972309471311,1.3402084890212334,"{""alpha"":0.5,""l1_ratio"":0.5,""max_iter"":20000}",0.18710914738989373
h6_rolling,6,rolling,1,2020-08-01,2020-09-29,2021-02-01,-0.83722928536067,55,5,5,development,zero_change,0.0,0.83722928536067,,
h6_rolling,6,rolling,1,2020-08-01,2020-09-29,2021-02-01,-0.83722928536067,55,5,5,development,elastic_net,0.06817929349354364,0.9054085788542137,"{""alpha"":0.5,""l1_ratio"":0.5,""max_iter"":20000}",0.18710914738989373
h6_rolling,6,rolling,1,2020-09-01,2020-10-29,2021-03-01,-0.51369192899325,55,5,6,development,zero_change,0.0,0.51369192899325,,
h6_rolling,6,rolling,1,2020-09-01,2020-10-29,2021-03-01,-0.51369192899325,55,5,6,development,elastic_net,0.05416040025522545,0.5678523292484754,"{""alpha"":0.5,""l1_ratio"":0.5,""max_iter"":20000}",0.18710914738989373
h6_rolling,6,rolling,1,2020-10-01,2020-11-27,2021-04-01,-0.16340529418581995,55,5,7,development,zero_change,0.0,0.16340529418581995,,
h6_rolling,6,rolling,1,2020-10-01,2020-11-27,2021-04-01,-0.16340529418581995,55,5,7,development,elastic_net,0.03354648984405673,0.19695178402987668,"{""alpha"":0.5,""l1_ratio"":0.5,""max_iter"":20000}",0.18710914738989373
h6_rolling,6,rolling,1,2020-11-01,2020-12-30,2021-05-01,-0.06968619823708999,55,5,8,development,zero_change,0.0,0.06968619823708999,,
h6_rolling,6,rolling,1,2020-11-01,2020-12-30,2021-05-01,-0.06968619823708999,55,5,8,development,elastic_net,0.00849206922067854,0.07817826745776853,"{""alpha"":0.5,""l1_ratio"":0.5,""max_iter"":20000}",0.18710914738989373
h6_rolling,6,rolling,1,2020-12-01,2021-01-28,2021-06-01,-0.054404430332060105,55,5,9,development,zero_change,0.0,0.054404430332060105,,
h6_rolling,6,rolling,1,2020-12-01,2021-01-28,2021-06-01,-0.054404430332060105,55,5,9,development,elastic_net,-0.2253831256484577,-0.1709786953163976,"{""alpha"":0.5,""l1_ratio"":0.5,""max_iter"":20000}",0.18710914738989373
h6_rolling,6,rolling,1,2021-01-01,2021-02-25,2021-07-01,-0.11755956372665,55,5,10,development,zero_change,0.0,0.11755956372665,,
h6_rolling,6,rolling,1,2021-01-01,2021-02-25,2021-07-01,-0.11755956372665,55,5,10,development,elastic_net,-0.4286197342393094,-0.3110601705126594,"{""alpha"":0.5,""l1_ratio"":0.5,""max_iter"":20000}",0.18710914738989373
h6_rolling,6,rolling,1,2021-02-01,2021-03-30,2021-08-01,-0.23500201701446,55,5,11,development,zero_change,0.0,0.23500201701446,,
h6_rolling,6,rolling,1,2021-02-01,2021-03-30,2021-08-01,-0.23500201701446,55,5,11,development,elastic_net,-0.41060165001796195,-0.17559963300350195,"{""alpha"":0.5,""l1_ratio"":0.5,""max_iter"":20000}",0.18710914738989373
h6_rolling,6,rolling,2,2021-03-01,2021-04-29,2021-09-01,-0.25922807384318003,55,5,12,development,zero_change,0.0,0.25922807384318003,,
h6_rolling,6,rolling,2,2021-03-01,2021-04-29,2021-09-01,-0.25922807384318003,55,5,12,development,elastic_net,-0.4905716051620484,-0.23134353131886837,"{""alpha"":0.1,""l1_ratio"":0.9,""max_iter"":20000}",0.7280213486972978
h6_rolling,6,rolling,2,2021-04-01,2021-05-28,2021-10-01,-0.3179475154693301,55,5,13,development,zero_change,0.0,0.3179475154693301,,
h6_rolling,6,rolling,2,2021-04-01,2021-05-28,2021-10-01,-0.3179475154693301,55,5,13,development,elastic_net,0.4422425613236111,0.7601900767929413,"{""alpha"":0.1,""l1_ratio"":0.9,""max_iter"":20000}",0.7280213486972978
h6_rolling,6,rolling,2,2021-05-01,2021-06-29,2021-11-01,-0.27882588873569003,55,5,14,development,zero_change,0.0,0.27882588873569003,,
h6_rolling,6,rolling,2,2021-05-01,2021-06-29,2021-11-01,-0.27882588873569003,55,5,14,development,elastic_net,0.7979948506444725,1.0768207393801625,"{""alpha"":0.1,""l1_ratio"":0.9,""max_iter"":20000}",0.7280213486972978
h6_rolling,6,rolling,2,2021-06-01,2021-07-29,2021-12-01,-0.24373117512585996,55,5,15,development,zero_change,0.0,0.24373117512585996,,
h6_rolling,6,rolling,2,2021-06-01,2021-07-29,2021-12-01,-0.24373117512585996,55,5,15,development,elastic_net,0.8867978412828629,1.130529016408723,"{""alpha"":0.1,""l1_ratio"":0.9,""max_iter"":20000}",0.7280213486972978
h6_rolling,6,rolling,2,2021-07-01,2021-08-30,2022-01-01,-0.05453566543120991,55,5,16,development,zero_change,0.0,0.05453566543120991,,
h6_rolling,6,rolling,2,2021-07-01,2021-08-30,2022-01-01,-0.05453566543120991,55,5,16,development,elastic_net,0.9566589072166184,1.0111945726478284,"{""alpha"":0.1,""l1_ratio"":0.9,""max_iter"":20000}",0.7280213486972978
h6_rolling,6,rolling,2,2021-08-01,2021-09-29,2022-02-01,0.15622305579133,55,5,17,development,zero_change,0.0,-0.15622305579133,,
h6_rolling,6,rolling,2,2021-08-01,2021-09-29,2022-02-01,0.15622305579133,55,5,17,development,elastic_net,0.9813471589021477,0.8251241031108177,"{""alpha"":0.1,""l1_ratio"":0.9,""max_iter"":20000}",0.7280213486972978
h6_rolling,6,rolling,2,2021-09-01,2021-10-28,2022-03-01,0.25094156821402014,55,5,18,development,zero_change,0.0,-0.25094156821402014,,
h6_rolling,6,rolling,2,2021-09-01,2021-10-28,2022-03-01,0.25094156821402014,55,5,18,development,elastic_net,0.7519345322961305,0.5009929640821104,"{""alpha"":0.1,""l1_ratio"":0.9,""max_iter"":20000}",0.7280213486972978
h6_rolling,6,rolling,2,2021-10-01,2021-11-29,2022-04-01,0.4028398174074601,55,5,19,development,zero_change,0.0,-0.4028398174074601,,
h6_rolling,6,rolling,2,2021-10-01,2021-11-29,2022-04-01,0.4028398174074601,55,5,19,development,elastic_net,0.43630755177232805,0.03346773436486794,"{""alpha"":0.1,""l1_ratio"":0.9,""max_iter"":20000}",0.7280213486972978
h6_rolling,6,rolling,2,2021-11-01,2021-12-30,2022-05-01,0.5178958357331,55,5,20,development,zero_change,0.0,-0.5178958357331,,
h6_rolling,6,rolling,2,2021-11-01,2021-12-30,2022-05-01,0.5178958357331,55,5,20,development,elastic_net,0.3527358563280101,-0.16515997940508997,"{""alpha"":0.1,""l1_ratio"":0.9,""max_iter"":20000}",0.7280213486972978
h6_rolling,6,rolling,2,2021-12-01,2022-01-28,2022-06-01,0.6344779886183101,55,5,21,development,zero_change,0.0,-0.6344779886183101,,
h6_rolling,6,rolling,2,2021-12-01,2022-01-28,2022-06-01,0.6344779886183101,55,5,21,development,elastic_net,0.31619546291471445,-0.3182825257035956,"{""alpha"":0.1,""l1_ratio"":0.9,""max_iter"":20000}",0.7280213486972978
h6_rolling,6,rolling,2,2022-01-01,2022-02-28,2022-07-01,0.6495873767856999,55,5,22,development,zero_change,0.0,-0.6495873767856999,,
h6_rolling,6,rolling,2,2022-01-01,2022-02-28,2022-07-01,0.6495873767856999,55,5,22,development,elastic_net,0.30134921012681537,-0.3482381666588845,"{""alpha"":0.1,""l1_ratio"":0.9,""max_iter"":20000}",0.7280213486972978
h6_rolling,6,rolling,2,2022-02-01,2022-03-30,2022-08-01,0.6829063365371002,55,5,23,development,zero_change,0.0,-0.6829063365371002,,
h6_rolling,6,rolling,2,2022-02-01,2022-03-30,2022-08-01,0.6829063365371002,55,5,23,development,elastic_net,0.44723787387888825,-0.23566846265821195,"{""alpha"":0.1,""l1_ratio"":0.9,""max_iter"":20000}",0.7280213486972978
h6_rolling,6,rolling,3,2022-03-01,2022-04-28,2022-09-01,0.64645662948924,55,5,24,development,zero_change,0.0,-0.64645662948924,,
h6_rolling,6,rolling,3,2022-03-01,2022-04-28,2022-09-01,0.64645662948924,55,5,24,development,elastic_net,-0.09970206523439236,-0.7461586947236324,"{""alpha"":0.5,""l1_ratio"":0.9,""max_iter"":20000}",0.16721066280828145
h6_rolling,6,rolling,3,2022-04-01,2022-05-30,2022-10-01,0.82065130360734,55,5,25,development,zero_change,0.0,-0.82065130360734,,
h6_rolling,6,rolling,3,2022-04-01,2022-05-30,2022-10-01,0.82065130360734,55,5,25,development,elastic_net,-0.09003519118116327,-0.9106864947885032,"{""alpha"":0.5,""l1_ratio"":0.9,""max_iter"":20000}",0.16721066280828145
h6_rolling,6,rolling,3,2022-05-01,2022-06-29,2022-11-01,0.7574602688618599,55,5,26,development,zero_change,0.0,-0.7574602688618599,,
h6_rolling,6,rolling,3,2022-05-01,2022-06-29,2022-11-01,0.7574602688618599,55,5,26,development,elastic_net,-0.0783662105275331,-0.835826479389393,"{""alpha"":0.5,""l1_ratio"":0.9,""max_iter"":20000}",0.16721066280828145
h6_rolling,6,rolling,3,2022-06-01,2022-07-28,2022-12-01,0.7179257065622602,55,5,27,development,zero_change,0.0,-0.7179257065622602,,
h6_rolling,6,rolling,3,2022-06-01,2022-07-28,2022-12-01,0.7179257065622602,55,5,27,development,elastic_net,-0.06555513721742781,-0.783480843779688,"{""alpha"":0.5,""l1_ratio"":0.9,""max_iter"":20000}",0.16721066280828145
h6_rolling,6,rolling,3,2022-07-01,2022-08-30,2023-01-01,0.8177103478976,55,5,28,development,zero_change,0.0,-0.8177103478976,,
h6_rolling,6,rolling,3,2022-07-01,2022-08-30,2023-01-01,0.8177103478976,55,5,28,development,elastic_net,-0.054384221810367464,-0.8720945697079675,"{""alpha"":0.5,""l1_ratio"":0.9,""max_iter"":20000}",0.16721066280828145
h6_rolling,6,rolling,3,2022-08-01,2022-09-29,2023-02-01,0.7798469354837199,55,5,29,development,zero_change,0.0,-0.7798469354837199,,
h6_rolling,6,rolling,3,2022-08-01,2022-09-29,2023-02-01,0.7798469354837199,55,5,29,development,elastic_net,-0.04429636471596345,-0.8241433001996833,"{""alpha"":0.5,""l1_ratio"":0.9,""max_iter"":20000}",0.16721066280828145
h6_rolling,6,rolling,3,2022-09-01,2022-10-27,2023-03-01,0.70903914652427,55,5,30,development,zero_change,0.0,-0.70903914652427,,
h6_rolling,6,rolling,3,2022-09-01,2022-10-27,2023-03-01,0.70903914652427,55,5,30,development,elastic_net,-0.03611240580512926,-0.7451515523293993,"{""alpha"":0.5,""l1_ratio"":0.9,""max_iter"":20000}",0.16721066280828145
h6_rolling,6,rolling,3,2022-10-01,2022-11-29,2023-04-01,0.47427785131199984,55,5,31,development,zero_change,0.0,-0.47427785131199984,,
h6_rolling,6,rolling,3,2022-10-01,2022-11-29,2023-04-01,0.47427785131199984,55,5,31,development,elastic_net,-0.022062496429774356,-0.4963403477417742,"{""alpha"":0.5,""l1_ratio"":0.9,""max_iter"":20000}",0.16721066280828145
h6_rolling,6,rolling,3,2022-11-01,2022-12-29,2023-05-01,0.3817433880721399,55,5,32,development,zero_change,0.0,-0.3817433880721399,,
h6_rolling,6,rolling,3,2022-11-01,2022-12-29,2023-05-01,0.3817433880721399,55,5,32,development,elastic_net,-0.008413620688832182,-0.3901570087609721,"{""alpha"":0.5,""l1_ratio"":0.9,""max_iter"":20000}",0.16721066280828145
h6_rolling,6,rolling,3,2022-12-01,2023-01-31,2023-06-01,0.2041695170421698,55,5,33,development,zero_change,0.0,-0.2041695170421698,,
h6_rolling,6,rolling,3,2022-12-01,2023-01-31,2023-06-01,0.2041695170421698,55,5,33,development,elastic_net,0.003879352107966188,-0.2002901649342036,"{""alpha"":0.5,""l1_ratio"":0.9,""max_iter"":20000}",0.16721066280828145
h6_rolling,6,rolling,3,2023-01-01,2023-02-28,2023-07-01,0.041871745443669894,55,5,34,development,zero_change,0.0,-0.041871745443669894,,
h6_rolling,6,rolling,3,2023-01-01,2023-02-28,2023-07-01,0.041871745443669894,55,5,34,development,elastic_net,0.01997065473459745,-0.021901090709072445,"{""alpha"":0.5,""l1_ratio"":0.9,""max_iter"":20000}",0.16721066280828145
h6_rolling,6,rolling,3,2023-02-01,2023-03-31,2023-08-01,-0.08510812045886995,55,5,35,development,zero_change,0.0,0.08510812045886995,,
h6_rolling,6,rolling,3,2023-02-01,2023-03-31,2023-08-01,-0.08510812045886995,55,5,35,development,elastic_net,0.03565810675713001,0.12076622721599997,"{""alpha"":0.5,""l1_ratio"":0.9,""max_iter"":20000}",0.16721066280828145
h6_rolling,6,rolling,4,2023-03-01,2023-04-28,2023-09-01,0.05648491533919975,55,5,36,development,zero_change,0.0,-0.05648491533919975,,
h6_rolling,6,rolling,4,2023-03-01,2023-04-28,2023-09-01,0.05648491533919975,55,5,36,development,elastic_net,0.1702843801382782,0.11379946479907846,"{""alpha"":0.5,""l1_ratio"":0.1,""max_iter"":20000}",0.1298940480084551
h6_rolling,6,rolling,4,2023-04-01,2023-05-31,2023-10-01,0.04937631889508021,55,5,37,development,zero_change,0.0,-0.04937631889508021,,
h6_rolling,6,rolling,4,2023-04-01,2023-05-31,2023-10-01,0.04937631889508021,55,5,37,development,elastic_net,0.04481852587004726,-0.004557793025032945,"{""alpha"":0.5,""l1_ratio"":0.1,""max_iter"":20000}",0.1298940480084551
h6_rolling,6,rolling,4,2023-05-01,2023-06-30,2023-11-01,0.08708521120876034,55,5,38,development,zero_change,0.0,-0.08708521120876034,,
h6_rolling,6,rolling,4,2023-05-01,2023-06-30,2023-11-01,0.08708521120876034,55,5,38,development,elastic_net,-0.02107504863832256,-0.1081602598470829,"{""alpha"":0.5,""l1_ratio"":0.1,""max_iter"":20000}",0.1298940480084551
h6_rolling,6,rolling,4,2023-06-01,2023-07-31,2023-12-01,0.20099711455423996,55,5,39,development,zero_change,0.0,-0.20099711455423996,,
h6_rolling,6,rolling,4,2023-06-01,2023-07-31,2023-12-01,0.20099711455423996,55,5,39,development,elastic_net,-0.03871733613185957,-0.23971445068609953,"{""alpha"":0.5,""l1_ratio"":0.1,""max_iter"":20000}",0.1298940480084551
h6_rolling,6,rolling,4,2023-07-01,2023-08-31,2024-01-01,0.2442451285193603,55,5,40,development,zero_change,0.0,-0.2442451285193603,,
h6_rolling,6,rolling,4,2023-07-01,2023-08-31,2024-01-01,0.2442451285193603,55,5,40,development,elastic_net,-0.05817073533798857,-0.30241586385734887,"{""alpha"":0.5,""l1_ratio"":0.1,""max_iter"":20000}",0.1298940480084551
h6_rolling,6,rolling,4,2023-08-01,2023-09-29,2024-02-01,0.33868440742458983,55,5,41,development,zero_change,0.0,-0.33868440742458983,,
h6_rolling,6,rolling,4,2023-08-01,2023-09-29,2024-02-01,0.33868440742458983,55,5,41,development,elastic_net,-0.1487159476104354,-0.4874003550350252,"{""alpha"":0.5,""l1_ratio"":0.1,""max_iter"":20000}",0.1298940480084551
h6_rolling,6,rolling,4,2023-09-01,2023-10-31,2024-03-01,0.18269257991981025,55,5,42,development,zero_change,0.0,-0.18269257991981025,,
h6_rolling,6,rolling,4,2023-09-01,2023-10-31,2024-03-01,0.18269257991981025,55,5,42,development,elastic_net,-0.2037804493747707,-0.38647302929458094,"{""alpha"":0.5,""l1_ratio"":0.1,""max_iter"":20000}",0.1298940480084551
h6_rolling,6,rolling,4,2023-10-01,2023-11-30,2024-04-01,0.003731915622779969,55,5,43,development,zero_change,0.0,-0.003731915622779969,,
h6_rolling,6,rolling,4,2023-10-01,2023-11-30,2024-04-01,0.003731915622779969,55,5,43,development,elastic_net,-0.22427675811987413,-0.2280086737426541,"{""alpha"":0.5,""l1_ratio"":0.1,""max_iter"":20000}",0.1298940480084551
h6_rolling,6,rolling,4,2023-11-01,2023-12-29,2024-05-01,-0.10323354615642,55,5,44,development,zero_change,0.0,0.10323354615642,,
h6_rolling,6,rolling,4,2023-11-01,2023-12-29,2024-05-01,-0.10323354615642,55,5,44,development,elastic_net,-0.20106754156154316,-0.09783399540512316,"{""alpha"":0.5,""l1_ratio"":0.1,""max_iter"":20000}",0.1298940480084551
h6_rolling,6,rolling,4,2023-12-01,2024-01-31,2024-06-01,-0.10736343979341001,55,5,45,development,zero_change,0.0,0.10736343979341001,,
h6_rolling,6,rolling,4,2023-12-01,2024-01-31,2024-06-01,-0.10736343979341001,55,5,45,development,elastic_net,-0.1786847172032106,-0.0713212774098006,"{""alpha"":0.5,""l1_ratio"":0.1,""max_iter"":20000}",0.1298940480084551
h12_expanding,12,expanding,1,2020-03-01,2020-04-29,2021-03-01,-1.1478323603908003,49,11,0,development,zero_change,0.0,1.1478323603908003,,
h12_expanding,12,expanding,1,2020-03-01,2020-04-29,2021-03-01,-1.1478323603908003,49,11,0,development,elastic_net,0.06974234252240837,1.2175747029132087,"{""alpha"":0.1,""l1_ratio"":0.9,""max_iter"":20000}",0.20526879444825116
h12_expanding,12,expanding,1,2020-04-01,2020-05-28,2021-04-01,-1.25942451076514,50,11,0,development,zero_change,0.0,1.25942451076514,,
h12_expanding,12,expanding,1,2020-04-01,2020-05-28,2021-04-01,-1.25942451076514,50,11,0,development,elastic_net,0.0778710358352204,1.3372955466003604,"{""alpha"":0.1,""l1_ratio"":0.9,""max_iter"":20000}",0.20526879444825116
h12_expanding,12,expanding,1,2020-05-01,2020-06-26,2021-05-01,-1.37461772318859,51,11,0,development,zero_change,0.0,1.37461772318859,,
h12_expanding,12,expanding,1,2020-05-01,2020-06-26,2021-05-01,-1.37461772318859,51,11,0,development,elastic_net,0.04534927835349764,1.4199670015420878,"{""alpha"":0.1,""l1_ratio"":0.9,""max_iter"":20000}",0.20526879444825116
h12_expanding,12,expanding,1,2020-06-01,2020-07-30,2021-06-01,-1.45181375531534,52,11,0,development,zero_change,0.0,1.45181375531534,,
h12_expanding,12,expanding,1,2020-06-01,2020-07-30,2021-06-01,-1.45181375531534,52,11,0,development,elastic_net,-0.00814203720317469,1.4436717181121654,"{""alpha"":0.1,""l1_ratio"":0.9,""max_iter"":20000}",0.20526879444825116
h12_expanding,12,expanding,1,2020-07-01,2020-08-28,2021-07-01,-1.3846483296531702,53,11,0,development,zero_change,0.0,1.3846483296531702,,
h12_expanding,12,expanding,1,2020-07-01,2020-08-28,2021-07-01,-1.3846483296531702,53,11,0,development,elastic_net,-0.015797325207037555,1.3688510044461326,"{""alpha"":0.1,""l1_ratio"":0.9,""max_iter"":20000}",0.20526879444825116
h12_expanding,12,expanding,1,2020-08-01,2020-09-29,2021-08-01,-1.07223130237513,54,11,0,development,zero_change,0.0,1.07223130237513,,
h12_expanding,12,expanding,1,2020-08-01,2020-09-29,2021-08-01,-1.07223130237513,54,11,0,development,elastic_net,-0.08272045412357959,0.9895108482515504,"{""alpha"":0.1,""l1_ratio"":0.9,""max_iter"":20000}",0.20526879444825116
h12_expanding,12,expanding,1,2020-09-01,2020-10-29,2021-09-01,-0.77292000283643,55,11,0,development,zero_change,0.0,0.77292000283643,,
h12_expanding,12,expanding,1,2020-09-01,2020-10-29,2021-09-01,-0.77292000283643,55,11,0,development,elastic_net,-0.014346352799307863,0.7585736500371222,"{""alpha"":0.1,""l1_ratio"":0.9,""max_iter"":20000}",0.20526879444825116
h12_expanding,12,expanding,1,2020-10-01,2020-11-27,2021-10-01,-0.48135280965515004,56,11,0,development,zero_change,0.0,0.48135280965515004,,
h12_expanding,12,expanding,1,2020-10-01,2020-11-27,2021-10-01,-0.48135280965515004,56,11,0,development,elastic_net,-0.13920011184684927,0.34215269780830077,"{""alpha"":0.1,""l1_ratio"":0.9,""max_iter"":20000}",0.20526879444825116
h12_expanding,12,expanding,1,2020-11-01,2020-12-30,2021-11-01,-0.34851208697278,57,11,0,development,zero_change,0.0,0.34851208697278,,
h12_expanding,12,expanding,1,2020-11-01,2020-12-30,2021-11-01,-0.34851208697278,57,11,0,development,elastic_net,-0.17660906081990116,0.17190302615287886,"{""alpha"":0.1,""l1_ratio"":0.9,""max_iter"":20000}",0.20526879444825116
h12_expanding,12,expanding,1,2020-12-01,2021-01-28,2021-12-01,-0.29813560545792006,58,11,0,development,zero_change,0.0,0.29813560545792006,,
h12_expanding,12,expanding,1,2020-12-01,2021-01-28,2021-12-01,-0.29813560545792006,58,11,0,development,elastic_net,-0.2847526566471976,0.01338294881072244,"{""alpha"":0.1,""l1_ratio"":0.9,""max_iter"":20000}",0.20526879444825116
h12_expanding,12,expanding,1,2021-01-01,2021-02-25,2022-01-01,-0.1720952291578599,59,11,0,development,zero_change,0.0,0.1720952291578599,,
h12_expanding,12,expanding,1,2021-01-01,2021-02-25,2022-01-01,-0.1720952291578599,59,11,0,development,elastic_net,-0.4850396024930529,-0.312944373335193,"{""alpha"":0.1,""l1_ratio"":0.9,""max_iter"":20000}",0.20526879444825116
h12_expanding,12,expanding,1,2021-02-01,2021-03-30,2022-02-01,-0.07877896122313,60,11,0,development,zero_change,0.0,0.07877896122313,,
h12_expanding,12,expanding,1,2021-02-01,2021-03-30,2022-02-01,-0.07877896122313,60,11,0,development,elastic_net,-0.6687251453117242,-0.5899461840885942,"{""alpha"":0.1,""l1_ratio"":0.9,""max_iter"":20000}",0.20526879444825116
h12_expanding,12,expanding,2,2021-03-01,2021-04-29,2022-03-01,-0.00828650562915989,61,11,0,development,zero_change,0.0,0.00828650562915989,,
h12_expanding,12,expanding,2,2021-03-01,2021-04-29,2022-03-01,-0.00828650562915989,61,11,0,development,elastic_net,-1.9281426267809263,-1.9198561211517664,"{""alpha"":0.01,""l1_ratio"":0.9,""max_iter"":20000}",0.5902491130089211
h12_expanding,12,expanding,2,2021-04-01,2021-05-28,2022-04-01,0.08489230193813002,62,11,0,development,zero_change,0.0,-0.08489230193813002,,
h12_expanding,12,expanding,2,2021-04-01,2021-05-28,2022-04-01,0.08489230193813002,62,11,0,development,elastic_net,-0.2919462159228686,-0.37683851786099865,"{""alpha"":0.01,""l1_ratio"":0.9,""max_iter"":20000}",0.5902491130089211
h12_expanding,12,expanding,2,2021-05-01,2021-06-29,2022-05-01,0.23906994699741002,63,11,0,development,zero_change,0.0,-0.23906994699741002,,
h12_expanding,12,expanding,2,2021-05-01,2021-06-29,2022-05-01,0.23906994699741002,63,11,0,development,elastic_net,0.35388390617096904,0.11481395917355902,"{""alpha"":0.01,""l1_ratio"":0.9,""max_iter"":20000}",0.5902491130089211
h12_expanding,12,expanding,2,2021-06-01,2021-07-29,2022-06-01,0.3907468134924501,64,11,0,development,zero_change,0.0,-0.3907468134924501,,
h12_expanding,12,expanding,2,2021-06-01,2021-07-29,2022-06-01,0.3907468134924501,64,11,0,development,elastic_net,0.6547974491287787,0.2640506356363286,"{""alpha"":0.01,""l1_ratio"":0.9,""max_iter"":20000}",0.5902491130089211
h12_expanding,12,expanding,2,2021-07-01,2021-08-30,2022-07-01,0.59505171135449,65,11,0,development,zero_change,0.0,-0.59505171135449,,
h12_expanding,12,expanding,2,2021-07-01,2021-08-30,2022-07-01,0.59505171135449,65,11,0,development,elastic_net,0.5481243170428476,-0.04692739431164239,"{""alpha"":0.01,""l1_ratio"":0.9,""max_iter"":20000}",0.5902491130089211
h12_expanding,12,expanding,2,2021-08-01,2021-09-29,2022-08-01,0.8391293923284302,66,11,0,development,zero_change,0.0,-0.8391293923284302,,
h12_expanding,12,expanding,2,2021-08-01,2021-09-29,2022-08-01,0.8391293923284302,66,11,0,development,elastic_net,0.3165566475745969,-0.5225727447538333,"{""alpha"":0.01,""l1_ratio"":0.9,""max_iter"":20000}",0.5902491130089211
h12_expanding,12,expanding,2,2021-09-01,2021-10-28,2022-09-01,0.8973981977032601,67,11,0,development,zero_change,0.0,-0.8973981977032601,,
h12_expanding,12,expanding,2,2021-09-01,2021-10-28,2022-09-01,0.8973981977032601,67,11,0,development,elastic_net,0.029023811663332524,-0.8683743860399276,"{""alpha"":0.01,""l1_ratio"":0.9,""max_iter"":20000}",0.5902491130089211
h12_expanding,12,expanding,2,2021-10-01,2021-11-29,2022-10-01,1.2234911210148,68,11,0,development,zero_change,0.0,-1.2234911210148,,
h12_expanding,12,expanding,2,2021-10-01,2021-11-29,2022-10-01,1.2234911210148,68,11,0,development,elastic_net,-0.2580682017965358,-1.4815593228113357,"{""alpha"":0.01,""l1_ratio"":0.9,""max_iter"":20000}",0.5902491130089211
h12_expanding,12,expanding,2,2021-11-01,2021-12-30,2022-11-01,1.27535610459496,69,11,0,development,zero_change,0.0,-1.27535610459496,,
h12_expanding,12,expanding,2,2021-11-01,2021-12-30,2022-11-01,1.27535610459496,69,11,0,development,elastic_net,-0.36447176158611816,-1.6398278661810781,"{""alpha"":0.01,""l1_ratio"":0.9,""max_iter"":20000}",0.5902491130089211
h12_expanding,12,expanding,2,2021-12-01,2022-01-28,2022-12-01,1.3524036951805702,70,11,0,development,zero_change,0.0,-1.3524036951805702,,
h12_expanding,12,expanding,2,2021-12-01,2022-01-28,2022-12-01,1.3524036951805702,70,11,0,development,elastic_net,-0.13135923031674496,-1.4837629254973153,"{""alpha"":0.01,""l1_ratio"":0.9,""max_iter"":20000}",0.5902491130089211
h12_expanding,12,expanding,2,2022-01-01,2022-02-28,2023-01-01,1.4672977246832999,71,11,0,development,zero_change,0.0,-1.4672977246832999,,
h12_expanding,12,expanding,2,2022-01-01,2022-02-28,2023-01-01,1.4672977246832999,71,11,0,development,elastic_net,0.007440869060386018,-1.459856855622914,"{""alpha"":0.01,""l1_ratio"":0.9,""max_iter"":20000}",0.5902491130089211
h12_expanding,12,expanding,2,2022-02-01,2022-03-30,2023-02-01,1.46275327202082,72,11,0,development,zero_change,0.0,-1.46275327202082,,
h12_expanding,12,expanding,2,2022-02-01,2022-03-30,2023-02-01,1.46275327202082,72,11,0,development,elastic_net,0.3935276015246575,-1.0692256704961625,"{""alpha"":0.01,""l1_ratio"":0.9,""max_iter"":20000}",0.5902491130089211
h12_expanding,12,expanding,3,2022-03-01,2022-04-28,2023-03-01,1.35549577601351,73,11,0,development,zero_change,0.0,-1.35549577601351,,
h12_expanding,12,expanding,3,2022-03-01,2022-04-28,2023-03-01,1.35549577601351,73,11,0,development,elastic_net,1.345393807293451,-0.010101968720058974,"{""alpha"":0.1,""l1_ratio"":0.5,""max_iter"":20000}",0.6292809237677605
h12_expanding,12,expanding,3,2022-04-01,2022-05-30,2023-04-01,1.2949291549193398,74,11,0,development,zero_change,0.0,-1.2949291549193398,,
h12_expanding,12,expanding,3,2022-04-01,2022-05-30,2023-04-01,1.2949291549193398,74,11,0,development,elastic_net,1.5099388233238193,0.21500966840447955,"{""alpha"":0.1,""l1_ratio"":0.5,""max_iter"":20000}",0.6292809237677605
h12_expanding,12,expanding,3,2022-05-01,2022-06-29,2023-05-01,1.1392036569339998,75,11,0,development,zero_change,0.0,-1.1392036569339998,,
h12_expanding,12,expanding,3,2022-05-01,2022-06-29,2023-05-01,1.1392036569339998,75,11,0,development,elastic_net,1.4453698902097718,0.30616623327577197,"{""alpha"":0.1,""l1_ratio"":0.5,""max_iter"":20000}",0.6292809237677605
h12_expanding,12,expanding,3,2022-06-01,2022-07-28,2023-06-01,0.92209522360443,76,11,0,development,zero_change,0.0,-0.92209522360443,,
h12_expanding,12,expanding,3,2022-06-01,2022-07-28,2023-06-01,0.92209522360443,76,11,0,development,elastic_net,1.4733927268468174,0.5512975032423875,"{""alpha"":0.1,""l1_ratio"":0.5,""max_iter"":20000}",0.6292809237677605
h12_expanding,12,expanding,3,2022-07-01,2022-08-30,2023-07-01,0.8595820933412699,77,11,0,development,zero_change,0.0,-0.8595820933412699,,
h12_expanding,12,expanding,3,2022-07-01,2022-08-30,2023-07-01,0.8595820933412699,77,11,0,development,elastic_net,1.3174262202372857,0.45784412689601584,"{""alpha"":0.1,""l1_ratio"":0.5,""max_iter"":20000}",0.6292809237677605
h12_expanding,12,expanding,3,2022-08-01,2022-09-29,2023-08-01,0.6947388150248499,78,11,0,development,zero_change,0.0,-0.6947388150248499,,
h12_expanding,12,expanding,3,2022-08-01,2022-09-29,2023-08-01,0.6947388150248499,78,11,0,development,elastic_net,1.0576019533309189,0.362863138306069,"{""alpha"":0.1,""l1_ratio"":0.5,""max_iter"":20000}",0.6292809237677605
h12_expanding,12,expanding,3,2022-09-01,2022-10-27,2023-09-01,0.7655240618634698,79,11,0,development,zero_change,0.0,-0.7655240618634698,,
h12_expanding,12,expanding,3,2022-09-01,2022-10-27,2023-09-01,0.7655240618634698,79,11,0,development,elastic_net,1.172812210312705,0.4072881484492352,"{""alpha"":0.1,""l1_ratio"":0.5,""max_iter"":20000}",0.6292809237677605
h12_expanding,12,expanding,3,2022-10-01,2022-11-29,2023-10-01,0.52365417020708,80,11,0,development,zero_change,0.0,-0.52365417020708,,
h12_expanding,12,expanding,3,2022-10-01,2022-11-29,2023-10-01,0.52365417020708,80,11,0,development,elastic_net,1.1916627296701152,0.6680085594630352,"{""alpha"":0.1,""l1_ratio"":0.5,""max_iter"":20000}",0.6292809237677605
h12_expanding,12,expanding,3,2022-11-01,2022-12-29,2023-11-01,0.46882859928090026,81,11,0,development,zero_change,0.0,-0.46882859928090026,,
h12_expanding,12,expanding,3,2022-11-01,2022-12-29,2023-11-01,0.46882859928090026,81,11,0,development,elastic_net,1.1278019719263035,0.6589733726454032,"{""alpha"":0.1,""l1_ratio"":0.5,""max_iter"":20000}",0.6292809237677605
h12_expanding,12,expanding,3,2022-12-01,2023-01-31,2023-12-01,0.40516663159640975,82,11,0,development,zero_change,0.0,-0.40516663159640975,,
h12_expanding,12,expanding,3,2022-12-01,2023-01-31,2023-12-01,0.40516663159640975,82,11,0,development,elastic_net,1.0245231455991606,0.6193565140027508,"{""alpha"":0.1,""l1_ratio"":0.5,""max_iter"":20000}",0.6292809237677605
h12_expanding,12,expanding,3,2023-01-01,2023-02-28,2024-01-01,0.2861168739630302,83,11,0,development,zero_change,0.0,-0.2861168739630302,,
h12_expanding,12,expanding,3,2023-01-01,2023-02-28,2024-01-01,0.2861168739630302,83,11,0,development,elastic_net,0.9769208965749216,0.6908040226118914,"{""alpha"":0.1,""l1_ratio"":0.5,""max_iter"":20000}",0.6292809237677605
h12_expanding,12,expanding,3,2023-02-01,2023-03-31,2024-02-01,0.2535762869657199,84,11,0,development,zero_change,0.0,-0.2535762869657199,,
h12_expanding,12,expanding,3,2023-02-01,2023-03-31,2024-02-01,0.2535762869657199,84,11,0,development,elastic_net,0.8968961408559453,0.6433198538902254,"{""alpha"":0.1,""l1_ratio"":0.5,""max_iter"":20000}",0.6292809237677605
h12_expanding,12,expanding,4,2023-03-01,2023-04-28,2024-03-01,0.23917749525901,85,11,0,development,zero_change,0.0,-0.23917749525901,,
h12_expanding,12,expanding,4,2023-03-01,2023-04-28,2024-03-01,0.23917749525901,85,11,0,development,elastic_net,0.2952191566663558,0.05604166140734579,"{""alpha"":0.5,""l1_ratio"":0.1,""max_iter"":20000}",0.10448245019948343
h12_expanding,12,expanding,4,2023-04-01,2023-05-31,2024-04-01,0.053108234517860176,86,11,0,development,zero_change,0.0,-0.053108234517860176,,
h12_expanding,12,expanding,4,2023-04-01,2023-05-31,2024-04-01,0.053108234517860176,86,11,0,development,elastic_net,0.10945047941928719,0.056342244901427016,"{""alpha"":0.5,""l1_ratio"":0.1,""max_iter"":20000}",0.10448245019948343
h12_expanding,12,expanding,4,2023-05-01,2023-06-30,2024-05-01,-0.01614833494765966,87,11,0,development,zero_change,0.0,0.01614833494765966,,
h12_expanding,12,expanding,4,2023-05-01,2023-06-30,2024-05-01,-0.01614833494765966,87,11,0,development,elastic_net,-0.06274446767756772,-0.04659613272990806,"{""alpha"":0.5,""l1_ratio"":0.1,""max_iter"":20000}",0.10448245019948343
h12_expanding,12,expanding,4,2023-06-01,2023-07-31,2024-06-01,0.09363367476082995,88,11,0,development,zero_change,0.0,-0.09363367476082995,,
h12_expanding,12,expanding,4,2023-06-01,2023-07-31,2024-06-01,0.09363367476082995,88,11,0,development,elastic_net,-0.21560001283576635,-0.3092336875965963,"{""alpha"":0.5,""l1_ratio"":0.1,""max_iter"":20000}",0.10448245019948343
h12_expanding,12,expanding,4,2023-07-01,2023-08-31,2024-07-01,-0.05201352002370996,89,11,0,development,zero_change,0.0,0.05201352002370996,,
h12_expanding,12,expanding,4,2023-07-01,2023-08-31,2024-07-01,-0.05201352002370996,89,11,0,development,elastic_net,-0.34186910148841393,-0.28985558146470397,"{""alpha"":0.5,""l1_ratio"":0.1,""max_iter"":20000}",0.10448245019948343
h12_expanding,12,expanding,4,2023-08-01,2023-09-29,2024-08-01,-0.0940483133309602,90,11,0,development,zero_change,0.0,0.0940483133309602,,
h12_expanding,12,expanding,4,2023-08-01,2023-09-29,2024-08-01,-0.0940483133309602,90,11,0,development,elastic_net,-0.477262797183015,-0.3832144838520548,"{""alpha"":0.5,""l1_ratio"":0.1,""max_iter"":20000}",0.10448245019948343
h12_expanding,12,expanding,4,2023-09-01,2023-10-31,2024-09-01,-0.11066239361237962,91,11,0,development,zero_change,0.0,0.11066239361237962,,
h12_expanding,12,expanding,4,2023-09-01,2023-10-31,2024-09-01,-0.11066239361237962,91,11,0,development,elastic_net,-0.6020442937817102,-0.4913819001693306,"{""alpha"":0.5,""l1_ratio"":0.1,""max_iter"":20000}",0.10448245019948343
h12_expanding,12,expanding,4,2023-10-01,2023-11-30,2024-10-01,-0.2822389853003502,92,11,0,development,zero_change,0.0,0.2822389853003502,,
h12_expanding,12,expanding,4,2023-10-01,2023-11-30,2024-10-01,-0.2822389853003502,92,11,0,development,elastic_net,-0.7142928589709238,-0.4320538736705736,"{""alpha"":0.5,""l1_ratio"":0.1,""max_iter"":20000}",0.10448245019948343
h12_expanding,12,expanding,4,2023-11-01,2023-12-29,2024-11-01,-0.3523110902202502,93,11,0,development,zero_change,0.0,0.3523110902202502,,
h12_expanding,12,expanding,4,2023-11-01,2023-12-29,2024-11-01,-0.3523110902202502,93,11,0,development,elastic_net,-0.7324447424625032,-0.38013365224225304,"{""alpha"":0.5,""l1_ratio"":0.1,""max_iter"":20000}",0.10448245019948343
h12_expanding,12,expanding,4,2023-12-01,2024-01-31,2024-12-01,-0.39906852840121987,94,11,0,development,zero_change,0.0,0.39906852840121987,,
h12_expanding,12,expanding,4,2023-12-01,2024-01-31,2024-12-01,-0.39906852840121987,94,11,0,development,elastic_net,-0.7257485014832789,-0.326679973082059,"{""alpha"":0.5,""l1_ratio"":0.1,""max_iter"":20000}",0.10448245019948343
h12_rolling,12,rolling,1,2020-03-01,2020-04-29,2021-03-01,-1.1478323603908003,49,11,0,development,zero_change,0.0,1.1478323603908003,,
h12_rolling,12,rolling,1,2020-03-01,2020-04-29,2021-03-01,-1.1478323603908003,49,11,0,development,elastic_net,0.06974234252240837,1.2175747029132087,"{""alpha"":0.1,""l1_ratio"":0.9,""max_iter"":20000}",0.20526879444825116
h12_rolling,12,rolling,1,2020-04-01,2020-05-28,2021-04-01,-1.25942451076514,49,11,1,development,zero_change,0.0,1.25942451076514,,
h12_rolling,12,rolling,1,2020-04-01,2020-05-28,2021-04-01,-1.25942451076514,49,11,1,development,elastic_net,0.0818903765946363,1.3413148873597764,"{""alpha"":0.1,""l1_ratio"":0.9,""max_iter"":20000}",0.20526879444825116
h12_rolling,12,rolling,1,2020-05-01,2020-06-26,2021-05-01,-1.37461772318859,49,11,2,development,zero_change,0.0,1.37461772318859,,
h12_rolling,12,rolling,1,2020-05-01,2020-06-26,2021-05-01,-1.37461772318859,49,11,2,development,elastic_net,0.087598323186904,1.462216046375494,"{""alpha"":0.1,""l1_ratio"":0.9,""max_iter"":20000}",0.20526879444825116
h12_rolling,12,rolling,1,2020-06-01,2020-07-30,2021-06-01,-1.45181375531534,49,11,3,development,zero_change,0.0,1.45181375531534,,
h12_rolling,12,rolling,1,2020-06-01,2020-07-30,2021-06-01,-1.45181375531534,49,11,3,development,elastic_net,0.07933523689825855,1.5311489922135986,"{""alpha"":0.1,""l1_ratio"":0.9,""max_iter"":20000}",0.20526879444825116
h12_rolling,12,rolling,1,2020-07-01,2020-08-28,2021-07-01,-1.3846483296531702,49,11,4,development,zero_change,0.0,1.3846483296531702,,
h12_rolling,12,rolling,1,2020-07-01,2020-08-28,2021-07-01,-1.3846483296531702,49,11,4,development,elastic_net,0.08303727103333455,1.4676856006865047,"{""alpha"":0.1,""l1_ratio"":0.9,""max_iter"":20000}",0.20526879444825116
h12_rolling,12,rolling,1,2020-08-01,2020-09-29,2021-08-01,-1.07223130237513,49,11,5,development,zero_change,0.0,1.07223130237513,,
h12_rolling,12,rolling,1,2020-08-01,2020-09-29,2021-08-01,-1.07223130237513,49,11,5,development,elastic_net,0.12806266092839183,1.200293963303522,"{""alpha"":0.1,""l1_ratio"":0.9,""max_iter"":20000}",0.20526879444825116
h12_rolling,12,rolling,1,2020-09-01,2020-10-29,2021-09-01,-0.77292000283643,49,11,6,development,zero_change,0.0,0.77292000283643,,
h12_rolling,12,rolling,1,2020-09-01,2020-10-29,2021-09-01,-0.77292000283643,49,11,6,development,elastic_net,0.12108199715249471,0.8940019999889247,"{""alpha"":0.1,""l1_ratio"":0.9,""max_iter"":20000}",0.20526879444825116
h12_rolling,12,rolling,1,2020-10-01,2020-11-27,2021-10-01,-0.48135280965515004,49,11,7,development,zero_change,0.0,0.48135280965515004,,
h12_rolling,12,rolling,1,2020-10-01,2020-11-27,2021-10-01,-0.48135280965515004,49,11,7,development,elastic_net,-0.016312607169045312,0.4650402024861047,"{""alpha"":0.1,""l1_ratio"":0.9,""max_iter"":20000}",0.20526879444825116
h12_rolling,12,rolling,1,2020-11-01,2020-12-30,2021-11-01,-0.34851208697278,49,11,8,development,zero_change,0.0,0.34851208697278,,
h12_rolling,12,rolling,1,2020-11-01,2020-12-30,2021-11-01,-0.34851208697278,49,11,8,development,elastic_net,-0.29061325625732576,0.057898830715454264,"{""alpha"":0.1,""l1_ratio"":0.9,""max_iter"":20000}",0.20526879444825116
h12_rolling,12,rolling,1,2020-12-01,2021-01-28,2021-12-01,-0.29813560545792006,49,11,9,development,zero_change,0.0,0.29813560545792006,,
h12_rolling,12,rolling,1,2020-12-01,2021-01-28,2021-12-01,-0.29813560545792006,49,11,9,development,elastic_net,-0.6069918614832172,-0.3088562560252971,"{""alpha"":0.1,""l1_ratio"":0.9,""max_iter"":20000}",0.20526879444825116
h12_rolling,12,rolling,1,2021-01-01,2021-02-25,2022-01-01,-0.1720952291578599,49,11,10,development,zero_change,0.0,0.1720952291578599,,
h12_rolling,12,rolling,1,2021-01-01,2021-02-25,2022-01-01,-0.1720952291578599,49,11,10,development,elastic_net,-0.8038389775875942,-0.6317437484297342,"{""alpha"":0.1,""l1_ratio"":0.9,""max_iter"":20000}",0.20526879444825116
h12_rolling,12,rolling,1,2021-02-01,2021-03-30,2022-02-01,-0.07877896122313,49,11,11,development,zero_change,0.0,0.07877896122313,,
h12_rolling,12,rolling,1,2021-02-01,2021-03-30,2022-02-01,-0.07877896122313,49,11,11,development,elastic_net,-1.2607271621162153,-1.1819482008930853,"{""alpha"":0.1,""l1_ratio"":0.9,""max_iter"":20000}",0.20526879444825116
h12_rolling,12,rolling,2,2021-03-01,2021-04-29,2022-03-01,-0.00828650562915989,49,11,12,development,zero_change,0.0,0.00828650562915989,,
h12_rolling,12,rolling,2,2021-03-01,2021-04-29,2022-03-01,-0.00828650562915989,49,11,12,development,elastic_net,-2.6361670705495874,-2.6278805649204275,"{""alpha"":0.01,""l1_ratio"":0.9,""max_iter"":20000}",0.5902491130089211
h12_rolling,12,rolling,2,2021-04-01,2021-05-28,2022-04-01,0.08489230193813002,49,11,13,development,zero_change,0.0,-0.08489230193813002,,
h12_rolling,12,rolling,2,2021-04-01,2021-05-28,2022-04-01,0.08489230193813002,49,11,13,development,elastic_net,-0.5723359315774189,-0.6572282335155489,"{""alpha"":0.01,""l1_ratio"":0.9,""max_iter"":20000}",0.5902491130089211
h12_rolling,12,rolling,2,2021-05-01,2021-06-29,2022-05-01,0.23906994699741002,49,11,14,development,zero_change,0.0,-0.23906994699741002,,
h12_rolling,12,rolling,2,2021-05-01,2021-06-29,2022-05-01,0.23906994699741002,49,11,14,development,elastic_net,0.24559692795934446,0.0065269809619344366,"{""alpha"":0.01,""l1_ratio"":0.9,""max_iter"":20000}",0.5902491130089211
h12_rolling,12,rolling,2,2021-06-01,2021-07-29,2022-06-01,0.3907468134924501,49,11,15,development,zero_change,0.0,-0.3907468134924501,,
h12_rolling,12,rolling,2,2021-06-01,2021-07-29,2022-06-01,0.3907468134924501,49,11,15,development,elastic_net,0.6210721922418413,0.23032537874939119,"{""alpha"":0.01,""l1_ratio"":0.9,""max_iter"":20000}",0.5902491130089211
h12_rolling,12,rolling,2,2021-07-01,2021-08-30,2022-07-01,0.59505171135449,49,11,16,development,zero_change,0.0,-0.59505171135449,,
h12_rolling,12,rolling,2,2021-07-01,2021-08-30,2022-07-01,0.59505171135449,49,11,16,development,elastic_net,0.6406378611631502,0.04558614980866027,"{""alpha"":0.01,""l1_ratio"":0.9,""max_iter"":20000}",0.5902491130089211
h12_rolling,12,rolling,2,2021-08-01,2021-09-29,2022-08-01,0.8391293923284302,49,11,17,development,zero_change,0.0,-0.8391293923284302,,
h12_rolling,12,rolling,2,2021-08-01,2021-09-29,2022-08-01,0.8391293923284302,49,11,17,development,elastic_net,0.3935419822789641,-0.4455874100494661,"{""alpha"":0.01,""l1_ratio"":0.9,""max_iter"":20000}",0.5902491130089211
h12_rolling,12,rolling,2,2021-09-01,2021-10-28,2022-09-01,0.8973981977032601,49,11,18,development,zero_change,0.0,-0.8973981977032601,,
h12_rolling,12,rolling,2,2021-09-01,2021-10-28,2022-09-01,0.8973981977032601,49,11,18,development,elastic_net,0.2148306263767595,-0.6825675713265006,"{""alpha"":0.01,""l1_ratio"":0.9,""max_iter"":20000}",0.5902491130089211
h12_rolling,12,rolling,2,2021-10-01,2021-11-29,2022-10-01,1.2234911210148,49,11,19,development,zero_change,0.0,-1.2234911210148,,
h12_rolling,12,rolling,2,2021-10-01,2021-11-29,2022-10-01,1.2234911210148,49,11,19,development,elastic_net,0.043198647629498266,-1.1802924733853017,"{""alpha"":0.01,""l1_ratio"":0.9,""max_iter"":20000}",0.5902491130089211
h12_rolling,12,rolling,2,2021-11-01,2021-12-30,2022-11-01,1.27535610459496,49,11,20,development,zero_change,0.0,-1.27535610459496,,
h12_rolling,12,rolling,2,2021-11-01,2021-12-30,2022-11-01,1.27535610459496,49,11,20,development,elastic_net,0.2116867644011766,-1.0636693401937833,"{""alpha"":0.01,""l1_ratio"":0.9,""max_iter"":20000}",0.5902491130089211
h12_rolling,12,rolling,2,2021-12-01,2022-01-28,2022-12-01,1.3524036951805702,49,11,21,development,zero_change,0.0,-1.3524036951805702,,
h12_rolling,12,rolling,2,2021-12-01,2022-01-28,2022-12-01,1.3524036951805702,49,11,21,development,elastic_net,0.4518824000736123,-0.9005212951069579,"{""alpha"":0.01,""l1_ratio"":0.9,""max_iter"":20000}",0.5902491130089211
h12_rolling,12,rolling,2,2022-01-01,2022-02-28,2023-01-01,1.4672977246832999,49,11,22,development,zero_change,0.0,-1.4672977246832999,,
h12_rolling,12,rolling,2,2022-01-01,2022-02-28,2023-01-01,1.4672977246832999,49,11,22,development,elastic_net,0.6853853023521195,-0.7819124223311804,"{""alpha"":0.01,""l1_ratio"":0.9,""max_iter"":20000}",0.5902491130089211
h12_rolling,12,rolling,2,2022-02-01,2022-03-30,2023-02-01,1.46275327202082,49,11,23,development,zero_change,0.0,-1.46275327202082,,
h12_rolling,12,rolling,2,2022-02-01,2022-03-30,2023-02-01,1.46275327202082,49,11,23,development,elastic_net,1.2675937580397716,-0.19515951398104847,"{""alpha"":0.01,""l1_ratio"":0.9,""max_iter"":20000}",0.5902491130089211
h12_rolling,12,rolling,3,2022-03-01,2022-04-28,2023-03-01,1.35549577601351,49,11,24,development,zero_change,0.0,-1.35549577601351,,
h12_rolling,12,rolling,3,2022-03-01,2022-04-28,2023-03-01,1.35549577601351,49,11,24,development,elastic_net,0.8160587832078161,-0.5394369928056939,"{""alpha"":0.5,""l1_ratio"":0.1,""max_iter"":20000}",0.732888747814857
h12_rolling,12,rolling,3,2022-04-01,2022-05-30,2023-04-01,1.2949291549193398,49,11,25,development,zero_change,0.0,-1.2949291549193398,,
h12_rolling,12,rolling,3,2022-04-01,2022-05-30,2023-04-01,1.2949291549193398,49,11,25,development,elastic_net,0.9111296600806273,-0.38379949483871245,"{""alpha"":0.5,""l1_ratio"":0.1,""max_iter"":20000}",0.732888747814857
h12_rolling,12,rolling,3,2022-05-01,2022-06-29,2023-05-01,1.1392036569339998,49,11,26,development,zero_change,0.0,-1.1392036569339998,,
h12_rolling,12,rolling,3,2022-05-01,2022-06-29,2023-05-01,1.1392036569339998,49,11,26,development,elastic_net,0.8765925573992225,-0.26261109953477735,"{""alpha"":0.5,""l1_ratio"":0.1,""max_iter"":20000}",0.732888747814857
h12_rolling,12,rolling,3,2022-06-01,2022-07-28,2023-06-01,0.92209522360443,49,11,27,development,zero_change,0.0,-0.92209522360443,,
h12_rolling,12,rolling,3,2022-06-01,2022-07-28,2023-06-01,0.92209522360443,49,11,27,development,elastic_net,0.9886857533075326,0.06659052970310264,"{""alpha"":0.5,""l1_ratio"":0.1,""max_iter"":20000}",0.732888747814857
h12_rolling,12,rolling,3,2022-07-01,2022-08-30,2023-07-01,0.8595820933412699,49,11,28,development,zero_change,0.0,-0.8595820933412699,,
h12_rolling,12,rolling,3,2022-07-01,2022-08-30,2023-07-01,0.8595820933412699,49,11,28,development,elastic_net,1.076527127338753,0.21694503399748322,"{""alpha"":0.5,""l1_ratio"":0.1,""max_iter"":20000}",0.732888747814857
h12_rolling,12,rolling,3,2022-08-01,2022-09-29,2023-08-01,0.6947388150248499,49,11,29,development,zero_change,0.0,-0.6947388150248499,,
h12_rolling,12,rolling,3,2022-08-01,2022-09-29,2023-08-01,0.6947388150248499,49,11,29,development,elastic_net,1.1362206338706191,0.4414818188457692,"{""alpha"":0.5,""l1_ratio"":0.1,""max_iter"":20000}",0.732888747814857
h12_rolling,12,rolling,3,2022-09-01,2022-10-27,2023-09-01,0.7655240618634698,49,11,30,development,zero_change,0.0,-0.7655240618634698,,
h12_rolling,12,rolling,3,2022-09-01,2022-10-27,2023-09-01,0.7655240618634698,49,11,30,development,elastic_net,1.3819007640238559,0.6163767021603861,"{""alpha"":0.5,""l1_ratio"":0.1,""max_iter"":20000}",0.732888747814857
h12_rolling,12,rolling,3,2022-10-01,2022-11-29,2023-10-01,0.52365417020708,49,11,31,development,zero_change,0.0,-0.52365417020708,,
h12_rolling,12,rolling,3,2022-10-01,2022-11-29,2023-10-01,0.52365417020708,49,11,31,development,elastic_net,1.6426413646669358,1.1189871944598557,"{""alpha"":0.5,""l1_ratio"":0.1,""max_iter"":20000}",0.732888747814857
h12_rolling,12,rolling,3,2022-11-01,2022-12-29,2023-11-01,0.46882859928090026,49,11,32,development,zero_change,0.0,-0.46882859928090026,,
h12_rolling,12,rolling,3,2022-11-01,2022-12-29,2023-11-01,0.46882859928090026,49,11,32,development,elastic_net,1.6392914614572394,1.170462862176339,"{""alpha"":0.5,""l1_ratio"":0.1,""max_iter"":20000}",0.732888747814857
h12_rolling,12,rolling,3,2022-12-01,2023-01-31,2023-12-01,0.40516663159640975,49,11,33,development,zero_change,0.0,-0.40516663159640975,,
h12_rolling,12,rolling,3,2022-12-01,2023-01-31,2023-12-01,0.40516663159640975,49,11,33,development,elastic_net,1.4120932622576319,1.0069266306612221,"{""alpha"":0.5,""l1_ratio"":0.1,""max_iter"":20000}",0.732888747814857
h12_rolling,12,rolling,3,2023-01-01,2023-02-28,2024-01-01,0.2861168739630302,49,11,34,development,zero_change,0.0,-0.2861168739630302,,
h12_rolling,12,rolling,3,2023-01-01,2023-02-28,2024-01-01,0.2861168739630302,49,11,34,development,elastic_net,1.1755731251263029,0.8894562511632726,"{""alpha"":0.5,""l1_ratio"":0.1,""max_iter"":20000}",0.732888747814857
h12_rolling,12,rolling,3,2023-02-01,2023-03-31,2024-02-01,0.2535762869657199,49,11,35,development,zero_change,0.0,-0.2535762869657199,,
h12_rolling,12,rolling,3,2023-02-01,2023-03-31,2024-02-01,0.2535762869657199,49,11,35,development,elastic_net,0.8814516893028331,0.6278754023371133,"{""alpha"":0.5,""l1_ratio"":0.1,""max_iter"":20000}",0.732888747814857
h12_rolling,12,rolling,4,2023-03-01,2023-04-28,2024-03-01,0.23917749525901,49,11,36,development,zero_change,0.0,-0.23917749525901,,
h12_rolling,12,rolling,4,2023-03-01,2023-04-28,2024-03-01,0.23917749525901,49,11,36,development,elastic_net,0.6622148180740166,0.4230373228150066,"{""alpha"":0.5,""l1_ratio"":0.1,""max_iter"":20000}",0.19835474596057903
h12_rolling,12,rolling,4,2023-04-01,2023-05-31,2024-04-01,0.053108234517860176,49,11,37,development,zero_change,0.0,-0.053108234517860176,,
h12_rolling,12,rolling,4,2023-04-01,2023-05-31,2024-04-01,0.053108234517860176,49,11,37,development,elastic_net,0.3488572050153026,0.2957489704974424,"{""alpha"":0.5,""l1_ratio"":0.1,""max_iter"":20000}",0.19835474596057903
h12_rolling,12,rolling,4,2023-05-01,2023-06-30,2024-05-01,-0.01614833494765966,49,11,38,development,zero_change,0.0,0.01614833494765966,,
h12_rolling,12,rolling,4,2023-05-01,2023-06-30,2024-05-01,-0.01614833494765966,49,11,38,development,elastic_net,0.04794738430123445,0.06409571924889411,"{""alpha"":0.5,""l1_ratio"":0.1,""max_iter"":20000}",0.19835474596057903
h12_rolling,12,rolling,4,2023-06-01,2023-07-31,2024-06-01,0.09363367476082995,49,11,39,development,zero_change,0.0,-0.09363367476082995,,
h12_rolling,12,rolling,4,2023-06-01,2023-07-31,2024-06-01,0.09363367476082995,49,11,39,development,elastic_net,-0.168935261657937,-0.262568936418767,"{""alpha"":0.5,""l1_ratio"":0.1,""max_iter"":20000}",0.19835474596057903
h12_rolling,12,rolling,4,2023-07-01,2023-08-31,2024-07-01,-0.05201352002370996,49,11,40,development,zero_change,0.0,0.05201352002370996,,
h12_rolling,12,rolling,4,2023-07-01,2023-08-31,2024-07-01,-0.05201352002370996,49,11,40,development,elastic_net,-0.35094213316979694,-0.298928613146087,"{""alpha"":0.5,""l1_ratio"":0.1,""max_iter"":20000}",0.19835474596057903
h12_rolling,12,rolling,4,2023-08-01,2023-09-29,2024-08-01,-0.0940483133309602,49,11,41,development,zero_change,0.0,0.0940483133309602,,
h12_rolling,12,rolling,4,2023-08-01,2023-09-29,2024-08-01,-0.0940483133309602,49,11,41,development,elastic_net,-0.5112826335730893,-0.41723432024212914,"{""alpha"":0.5,""l1_ratio"":0.1,""max_iter"":20000}",0.19835474596057903
h12_rolling,12,rolling,4,2023-09-01,2023-10-31,2024-09-01,-0.11066239361237962,49,11,42,development,zero_change,0.0,0.11066239361237962,,
h12_rolling,12,rolling,4,2023-09-01,2023-10-31,2024-09-01,-0.11066239361237962,49,11,42,development,elastic_net,-0.636079128281641,-0.5254167346692614,"{""alpha"":0.5,""l1_ratio"":0.1,""max_iter"":20000}",0.19835474596057903
h12_rolling,12,rolling,4,2023-10-01,2023-11-30,2024-10-01,-0.2822389853003502,49,11,43,development,zero_change,0.0,0.2822389853003502,,
h12_rolling,12,rolling,4,2023-10-01,2023-11-30,2024-10-01,-0.2822389853003502,49,11,43,development,elastic_net,-0.7695666411850909,-0.4873276558847407,"{""alpha"":0.5,""l1_ratio"":0.1,""max_iter"":20000}",0.19835474596057903
h12_rolling,12,rolling,4,2023-11-01,2023-12-29,2024-11-01,-0.3523110902202502,49,11,44,development,zero_change,0.0,0.3523110902202502,,
h12_rolling,12,rolling,4,2023-11-01,2023-12-29,2024-11-01,-0.3523110902202502,49,11,44,development,elastic_net,-0.7914272447768478,-0.4391161545565976,"{""alpha"":0.5,""l1_ratio"":0.1,""max_iter"":20000}",0.19835474596057903
h12_rolling,12,rolling,4,2023-12-01,2024-01-31,2024-12-01,-0.39906852840121987,49,11,45,development,zero_change,0.0,0.39906852840121987,,
h12_rolling,12,rolling,4,2023-12-01,2024-01-31,2024-12-01,-0.39906852840121987,49,11,45,development,elastic_net,-0.7945047380675737,-0.39543620966635384,"{""alpha"":0.5,""l1_ratio"":0.1,""max_iter"":20000}",0.19835474596057903
