fold_id,outer_test_start,model,candidate_id,parameters,inner_mae,inner_validation_origins,inner_validation_start,inner_validation_end,minimum_inner_training_rows,maximum_inner_purged_rows,selected,scenario,horizon_months,training_scheme
1,2020-03-01,elastic_net,1,"{""alpha"":0.001,""l1_ratio"":0.1,""max_iter"":20000}",0.197391970909137,12,2019-01-01,2019-12-01,44,2,0,h3_expanding,3,expanding
1,2020-03-01,elastic_net,2,"{""alpha"":0.001,""l1_ratio"":0.5,""max_iter"":20000}",0.19475900901340848,12,2019-01-01,2019-12-01,44,2,0,h3_expanding,3,expanding
1,2020-03-01,elastic_net,3,"{""alpha"":0.001,""l1_ratio"":0.9,""max_iter"":20000}",0.18880509413752,12,2019-01-01,2019-12-01,44,2,0,h3_expanding,3,expanding
1,2020-03-01,elastic_net,4,"{""alpha"":0.01,""l1_ratio"":0.1,""max_iter"":20000}",0.1763010406316092,12,2019-01-01,2019-12-01,44,2,0,h3_expanding,3,expanding
1,2020-03-01,elastic_net,5,"{""alpha"":0.01,""l1_ratio"":0.5,""max_iter"":20000}",0.13941456638172303,12,2019-01-01,2019-12-01,44,2,0,h3_expanding,3,expanding
1,2020-03-01,elastic_net,6,"{""alpha"":0.01,""l1_ratio"":0.9,""max_iter"":20000}",0.12770868796081172,12,2019-01-01,2019-12-01,44,2,0,h3_expanding,3,expanding
1,2020-03-01,elastic_net,7,"{""alpha"":0.1,""l1_ratio"":0.1,""max_iter"":20000}",0.11937724567460549,12,2019-01-01,2019-12-01,44,2,0,h3_expanding,3,expanding
1,2020-03-01,elastic_net,8,"{""alpha"":0.1,""l1_ratio"":0.5,""max_iter"":20000}",0.10187013123599843,12,2019-01-01,2019-12-01,44,2,0,h3_expanding,3,expanding
1,2020-03-01,elastic_net,9,"{""alpha"":0.1,""l1_ratio"":0.9,""max_iter"":20000}",0.10048926523313113,12,2019-01-01,2019-12-01,44,2,1,h3_expanding,3,expanding
1,2020-03-01,elastic_net,10,"{""alpha"":0.5,""l1_ratio"":0.1,""max_iter"":20000}",0.1018576478945734,12,2019-01-01,2019-12-01,44,2,0,h3_expanding,3,expanding
1,2020-03-01,elastic_net,11,"{""alpha"":0.5,""l1_ratio"":0.5,""max_iter"":20000}",0.10048926523313113,12,2019-01-01,2019-12-01,44,2,0,h3_expanding,3,expanding
1,2020-03-01,elastic_net,12,"{""alpha"":0.5,""l1_ratio"":0.9,""max_iter"":20000}",0.10048926523313113,12,2019-01-01,2019-12-01,44,2,0,h3_expanding,3,expanding
2,2021-03-01,elastic_net,1,"{""alpha"":0.001,""l1_ratio"":0.1,""max_iter"":20000}",0.4323216635055205,12,2020-01-01,2020-12-01,56,2,0,h3_expanding,3,expanding
2,2021-03-01,elastic_net,2,"{""alpha"":0.001,""l1_ratio"":0.5,""max_iter"":20000}",0.4310001323183012,12,2020-01-01,2020-12-01,56,2,0,h3_expanding,3,expanding
2,2021-03-01,elastic_net,3,"{""alpha"":0.001,""l1_ratio"":0.9,""max_iter"":20000}",0.43312111265903736,12,2020-01-01,2020-12-01,56,2,0,h3_expanding,3,expanding
2,2021-03-01,elastic_net,4,"{""alpha"":0.01,""l1_ratio"":0.1,""max_iter"":20000}",0.42445266998513925,12,2020-01-01,2020-12-01,56,2,0,h3_expanding,3,expanding
2,2021-03-01,elastic_net,5,"{""alpha"":0.01,""l1_ratio"":0.5,""max_iter"":20000}",0.45919577065034667,12,2020-01-01,2020-12-01,56,2,0,h3_expanding,3,expanding
2,2021-03-01,elastic_net,6,"{""alpha"":0.01,""l1_ratio"":0.9,""max_iter"":20000}",0.5217242147699704,12,2020-01-01,2020-12-01,56,2,0,h3_expanding,3,expanding
2,2021-03-01,elastic_net,7,"{""alpha"":0.1,""l1_ratio"":0.1,""max_iter"":20000}",0.5327585435062991,12,2020-01-01,2020-12-01,56,2,0,h3_expanding,3,expanding
2,2021-03-01,elastic_net,8,"{""alpha"":0.1,""l1_ratio"":0.5,""max_iter"":20000}",0.42666732614688385,12,2020-01-01,2020-12-01,56,2,0,h3_expanding,3,expanding
2,2021-03-01,elastic_net,9,"{""alpha"":0.1,""l1_ratio"":0.9,""max_iter"":20000}",0.3980835067481785,12,2020-01-01,2020-12-01,56,2,1,h3_expanding,3,expanding
2,2021-03-01,elastic_net,10,"{""alpha"":0.5,""l1_ratio"":0.1,""max_iter"":20000}",0.4424255518782843,12,2020-01-01,2020-12-01,56,2,0,h3_expanding,3,expanding
2,2021-03-01,elastic_net,11,"{""alpha"":0.5,""l1_ratio"":0.5,""max_iter"":20000}",0.4142462728346589,12,2020-01-01,2020-12-01,56,2,0,h3_expanding,3,expanding
2,2021-03-01,elastic_net,12,"{""alpha"":0.5,""l1_ratio"":0.9,""max_iter"":20000}",0.4142462728346589,12,2020-01-01,2020-12-01,56,2,0,h3_expanding,3,expanding
3,2022-03-01,elastic_net,1,"{""alpha"":0.001,""l1_ratio"":0.1,""max_iter"":20000}",0.7279960327118458,12,2021-01-01,2021-12-01,68,2,0,h3_expanding,3,expanding
3,2022-03-01,elastic_net,2,"{""alpha"":0.001,""l1_ratio"":0.5,""max_iter"":20000}",0.7013640125034429,12,2021-01-01,2021-12-01,68,2,0,h3_expanding,3,expanding
3,2022-03-01,elastic_net,3,"{""alpha"":0.001,""l1_ratio"":0.9,""max_iter"":20000}",0.663793316209654,12,2021-01-01,2021-12-01,68,2,0,h3_expanding,3,expanding
3,2022-03-01,elastic_net,4,"{""alpha"":0.01,""l1_ratio"":0.1,""max_iter"":20000}",0.5533474444223355,12,2021-01-01,2021-12-01,68,2,0,h3_expanding,3,expanding
3,2022-03-01,elastic_net,5,"{""alpha"":0.01,""l1_ratio"":0.5,""max_iter"":20000}",0.4577183601742784,12,2021-01-01,2021-12-01,68,2,0,h3_expanding,3,expanding
3,2022-03-01,elastic_net,6,"{""alpha"":0.01,""l1_ratio"":0.9,""max_iter"":20000}",0.39902934030788245,12,2021-01-01,2021-12-01,68,2,0,h3_expanding,3,expanding
3,2022-03-01,elastic_net,7,"{""alpha"":0.1,""l1_ratio"":0.1,""max_iter"":20000}",0.3177964971515039,12,2021-01-01,2021-12-01,68,2,0,h3_expanding,3,expanding
3,2022-03-01,elastic_net,8,"{""alpha"":0.1,""l1_ratio"":0.5,""max_iter"":20000}",0.2844865428204923,12,2021-01-01,2021-12-01,68,2,0,h3_expanding,3,expanding
3,2022-03-01,elastic_net,9,"{""alpha"":0.1,""l1_ratio"":0.9,""max_iter"":20000}",0.2489450227568689,12,2021-01-01,2021-12-01,68,2,0,h3_expanding,3,expanding
3,2022-03-01,elastic_net,10,"{""alpha"":0.5,""l1_ratio"":0.1,""max_iter"":20000}",0.22890941475878498,12,2021-01-01,2021-12-01,68,2,0,h3_expanding,3,expanding
3,2022-03-01,elastic_net,11,"{""alpha"":0.5,""l1_ratio"":0.5,""max_iter"":20000}",0.13176513691357916,12,2021-01-01,2021-12-01,68,2,1,h3_expanding,3,expanding
3,2022-03-01,elastic_net,12,"{""alpha"":0.5,""l1_ratio"":0.9,""max_iter"":20000}",0.13176513691357916,12,2021-01-01,2021-12-01,68,2,0,h3_expanding,3,expanding
4,2023-03-01,elastic_net,1,"{""alpha"":0.001,""l1_ratio"":0.1,""max_iter"":20000}",0.4423689188112099,12,2022-01-01,2022-12-01,80,2,0,h3_expanding,3,expanding
4,2023-03-01,elastic_net,2,"{""alpha"":0.001,""l1_ratio"":0.5,""max_iter"":20000}",0.429192555664224,12,2022-01-01,2022-12-01,80,2,0,h3_expanding,3,expanding
4,2023-03-01,elastic_net,3,"{""alpha"":0.001,""l1_ratio"":0.9,""max_iter"":20000}",0.4155221884410845,12,2022-01-01,2022-12-01,80,2,0,h3_expanding,3,expanding
4,2023-03-01,elastic_net,4,"{""alpha"":0.01,""l1_ratio"":0.1,""max_iter"":20000}",0.3159128907985542,12,2022-01-01,2022-12-01,80,2,0,h3_expanding,3,expanding
4,2023-03-01,elastic_net,5,"{""alpha"":0.01,""l1_ratio"":0.5,""max_iter"":20000}",0.3165144538904853,12,2022-01-01,2022-12-01,80,2,0,h3_expanding,3,expanding
4,2023-03-01,elastic_net,6,"{""alpha"":0.01,""l1_ratio"":0.9,""max_iter"":20000}",0.3163746327315616,12,2022-01-01,2022-12-01,80,2,0,h3_expanding,3,expanding
4,2023-03-01,elastic_net,7,"{""alpha"":0.1,""l1_ratio"":0.1,""max_iter"":20000}",0.23677514622127704,12,2022-01-01,2022-12-01,80,2,1,h3_expanding,3,expanding
4,2023-03-01,elastic_net,8,"{""alpha"":0.1,""l1_ratio"":0.5,""max_iter"":20000}",0.2553957396262513,12,2022-01-01,2022-12-01,80,2,0,h3_expanding,3,expanding
4,2023-03-01,elastic_net,9,"{""alpha"":0.1,""l1_ratio"":0.9,""max_iter"":20000}",0.2970151058768625,12,2022-01-01,2022-12-01,80,2,0,h3_expanding,3,expanding
4,2023-03-01,elastic_net,10,"{""alpha"":0.5,""l1_ratio"":0.1,""max_iter"":20000}",0.2373862788832953,12,2022-01-01,2022-12-01,80,2,0,h3_expanding,3,expanding
4,2023-03-01,elastic_net,11,"{""alpha"":0.5,""l1_ratio"":0.5,""max_iter"":20000}",0.37188469093850957,12,2022-01-01,2022-12-01,80,2,0,h3_expanding,3,expanding
4,2023-03-01,elastic_net,12,"{""alpha"":0.5,""l1_ratio"":0.9,""max_iter"":20000}",0.37188469093850957,12,2022-01-01,2022-12-01,80,2,0,h3_expanding,3,expanding
1,2020-03-01,elastic_net,1,"{""alpha"":0.001,""l1_ratio"":0.1,""max_iter"":20000}",0.197391970909137,12,2019-01-01,2019-12-01,44,2,0,h3_rolling,3,rolling
1,2020-03-01,elastic_net,2,"{""alpha"":0.001,""l1_ratio"":0.5,""max_iter"":20000}",0.19475900901340848,12,2019-01-01,2019-12-01,44,2,0,h3_rolling,3,rolling
1,2020-03-01,elastic_net,3,"{""alpha"":0.001,""l1_ratio"":0.9,""max_iter"":20000}",0.18880509413752,12,2019-01-01,2019-12-01,44,2,0,h3_rolling,3,rolling
1,2020-03-01,elastic_net,4,"{""alpha"":0.01,""l1_ratio"":0.1,""max_iter"":20000}",0.1763010406316092,12,2019-01-01,2019-12-01,44,2,0,h3_rolling,3,rolling
1,2020-03-01,elastic_net,5,"{""alpha"":0.01,""l1_ratio"":0.5,""max_iter"":20000}",0.13941456638172303,12,2019-01-01,2019-12-01,44,2,0,h3_rolling,3,rolling
1,2020-03-01,elastic_net,6,"{""alpha"":0.01,""l1_ratio"":0.9,""max_iter"":20000}",0.12770868796081172,12,2019-01-01,2019-12-01,44,2,0,h3_rolling,3,rolling
1,2020-03-01,elastic_net,7,"{""alpha"":0.1,""l1_ratio"":0.1,""max_iter"":20000}",0.11937724567460549,12,2019-01-01,2019-12-01,44,2,0,h3_rolling,3,rolling
1,2020-03-01,elastic_net,8,"{""alpha"":0.1,""l1_ratio"":0.5,""max_iter"":20000}",0.10187013123599843,12,2019-01-01,2019-12-01,44,2,0,h3_rolling,3,rolling
1,2020-03-01,elastic_net,9,"{""alpha"":0.1,""l1_ratio"":0.9,""max_iter"":20000}",0.10048926523313113,12,2019-01-01,2019-12-01,44,2,1,h3_rolling,3,rolling
1,2020-03-01,elastic_net,10,"{""alpha"":0.5,""l1_ratio"":0.1,""max_iter"":20000}",0.1018576478945734,12,2019-01-01,2019-12-01,44,2,0,h3_rolling,3,rolling
1,2020-03-01,elastic_net,11,"{""alpha"":0.5,""l1_ratio"":0.5,""max_iter"":20000}",0.10048926523313113,12,2019-01-01,2019-12-01,44,2,0,h3_rolling,3,rolling
1,2020-03-01,elastic_net,12,"{""alpha"":0.5,""l1_ratio"":0.9,""max_iter"":20000}",0.10048926523313113,12,2019-01-01,2019-12-01,44,2,0,h3_rolling,3,rolling
2,2021-03-01,elastic_net,1,"{""alpha"":0.001,""l1_ratio"":0.1,""max_iter"":20000}",0.45519114524770204,12,2020-01-01,2020-12-01,56,2,0,h3_rolling,3,rolling
2,2021-03-01,elastic_net,2,"{""alpha"":0.001,""l1_ratio"":0.5,""max_iter"":20000}",0.4563909306700587,12,2020-01-01,2020-12-01,56,2,0,h3_rolling,3,rolling
2,2021-03-01,elastic_net,3,"{""alpha"":0.001,""l1_ratio"":0.9,""max_iter"":20000}",0.47440683403099193,12,2020-01-01,2020-12-01,56,2,0,h3_rolling,3,rolling
2,2021-03-01,elastic_net,4,"{""alpha"":0.01,""l1_ratio"":0.1,""max_iter"":20000}",0.45873807273950934,12,2020-01-01,2020-12-01,56,2,0,h3_rolling,3,rolling
2,2021-03-01,elastic_net,5,"{""alpha"":0.01,""l1_ratio"":0.5,""max_iter"":20000}",0.4641467370217753,12,2020-01-01,2020-12-01,56,2,0,h3_rolling,3,rolling
2,2021-03-01,elastic_net,6,"{""alpha"":0.01,""l1_ratio"":0.9,""max_iter"":20000}",0.5192767579293646,12,2020-01-01,2020-12-01,56,2,0,h3_rolling,3,rolling
2,2021-03-01,elastic_net,7,"{""alpha"":0.1,""l1_ratio"":0.1,""max_iter"":20000}",0.5340751736833512,12,2020-01-01,2020-12-01,56,2,0,h3_rolling,3,rolling
2,2021-03-01,elastic_net,8,"{""alpha"":0.1,""l1_ratio"":0.5,""max_iter"":20000}",0.42824608458567465,12,2020-01-01,2020-12-01,56,2,0,h3_rolling,3,rolling
2,2021-03-01,elastic_net,9,"{""alpha"":0.1,""l1_ratio"":0.9,""max_iter"":20000}",0.4094979305276955,12,2020-01-01,2020-12-01,56,2,1,h3_rolling,3,rolling
2,2021-03-01,elastic_net,10,"{""alpha"":0.5,""l1_ratio"":0.1,""max_iter"":20000}",0.44923530161254205,12,2020-01-01,2020-12-01,56,2,0,h3_rolling,3,rolling
2,2021-03-01,elastic_net,11,"{""alpha"":0.5,""l1_ratio"":0.5,""max_iter"":20000}",0.4178664645419128,12,2020-01-01,2020-12-01,56,2,0,h3_rolling,3,rolling
2,2021-03-01,elastic_net,12,"{""alpha"":0.5,""l1_ratio"":0.9,""max_iter"":20000}",0.4178664645419128,12,2020-01-01,2020-12-01,56,2,0,h3_rolling,3,rolling
3,2022-03-01,elastic_net,1,"{""alpha"":0.001,""l1_ratio"":0.1,""max_iter"":20000}",0.8587944935844227,12,2021-01-01,2021-12-01,58,2,0,h3_rolling,3,rolling
3,2022-03-01,elastic_net,2,"{""alpha"":0.001,""l1_ratio"":0.5,""max_iter"":20000}",0.7850857633888673,12,2021-01-01,2021-12-01,58,2,0,h3_rolling,3,rolling
3,2022-03-01,elastic_net,3,"{""alpha"":0.001,""l1_ratio"":0.9,""max_iter"":20000}",0.7394087987691762,12,2021-01-01,2021-12-01,58,2,0,h3_rolling,3,rolling
3,2022-03-01,elastic_net,4,"{""alpha"":0.01,""l1_ratio"":0.1,""max_iter"":20000}",0.6122279044017119,12,2021-01-01,2021-12-01,58,2,0,h3_rolling,3,rolling
3,2022-03-01,elastic_net,5,"{""alpha"":0.01,""l1_ratio"":0.5,""max_iter"":20000}",0.46534340456634843,12,2021-01-01,2021-12-01,58,2,0,h3_rolling,3,rolling
3,2022-03-01,elastic_net,6,"{""alpha"":0.01,""l1_ratio"":0.9,""max_iter"":20000}",0.4044413649508043,12,2021-01-01,2021-12-01,58,2,0,h3_rolling,3,rolling
3,2022-03-01,elastic_net,7,"{""alpha"":0.1,""l1_ratio"":0.1,""max_iter"":20000}",0.3407753174298936,12,2021-01-01,2021-12-01,58,2,0,h3_rolling,3,rolling
3,2022-03-01,elastic_net,8,"{""alpha"":0.1,""l1_ratio"":0.5,""max_iter"":20000}",0.26584748502917405,12,2021-01-01,2021-12-01,58,2,0,h3_rolling,3,rolling
3,2022-03-01,elastic_net,9,"{""alpha"":0.1,""l1_ratio"":0.9,""max_iter"":20000}",0.26084572143330587,12,2021-01-01,2021-12-01,58,2,0,h3_rolling,3,rolling
3,2022-03-01,elastic_net,10,"{""alpha"":0.5,""l1_ratio"":0.1,""max_iter"":20000}",0.21434312382197138,12,2021-01-01,2021-12-01,58,2,0,h3_rolling,3,rolling
3,2022-03-01,elastic_net,11,"{""alpha"":0.5,""l1_ratio"":0.5,""max_iter"":20000}",0.1351388319414847,12,2021-01-01,2021-12-01,58,2,1,h3_rolling,3,rolling
3,2022-03-01,elastic_net,12,"{""alpha"":0.5,""l1_ratio"":0.9,""max_iter"":20000}",0.1351388319414847,12,2021-01-01,2021-12-01,58,2,0,h3_rolling,3,rolling
4,2023-03-01,elastic_net,1,"{""alpha"":0.001,""l1_ratio"":0.1,""max_iter"":20000}",0.318768125238446,12,2022-01-01,2022-12-01,58,2,0,h3_rolling,3,rolling
4,2023-03-01,elastic_net,2,"{""alpha"":0.001,""l1_ratio"":0.5,""max_iter"":20000}",0.3014704135899907,12,2022-01-01,2022-12-01,58,2,0,h3_rolling,3,rolling
4,2023-03-01,elastic_net,3,"{""alpha"":0.001,""l1_ratio"":0.9,""max_iter"":20000}",0.27367675618911813,12,2022-01-01,2022-12-01,58,2,0,h3_rolling,3,rolling
4,2023-03-01,elastic_net,4,"{""alpha"":0.01,""l1_ratio"":0.1,""max_iter"":20000}",0.22439333137235676,12,2022-01-01,2022-12-01,58,2,0,h3_rolling,3,rolling
4,2023-03-01,elastic_net,5,"{""alpha"":0.01,""l1_ratio"":0.5,""max_iter"":20000}",0.22334353501693516,12,2022-01-01,2022-12-01,58,2,0,h3_rolling,3,rolling
4,2023-03-01,elastic_net,6,"{""alpha"":0.01,""l1_ratio"":0.9,""max_iter"":20000}",0.2644332231245244,12,2022-01-01,2022-12-01,58,2,0,h3_rolling,3,rolling
4,2023-03-01,elastic_net,7,"{""alpha"":0.1,""l1_ratio"":0.1,""max_iter"":20000}",0.2024795508523504,12,2022-01-01,2022-12-01,58,2,0,h3_rolling,3,rolling
4,2023-03-01,elastic_net,8,"{""alpha"":0.1,""l1_ratio"":0.5,""max_iter"":20000}",0.2238533411949297,12,2022-01-01,2022-12-01,58,2,0,h3_rolling,3,rolling
4,2023-03-01,elastic_net,9,"{""alpha"":0.1,""l1_ratio"":0.9,""max_iter"":20000}",0.2841488500921698,12,2022-01-01,2022-12-01,58,2,0,h3_rolling,3,rolling
4,2023-03-01,elastic_net,10,"{""alpha"":0.5,""l1_ratio"":0.1,""max_iter"":20000}",0.19309715223380639,12,2022-01-01,2022-12-01,58,2,1,h3_rolling,3,rolling
4,2023-03-01,elastic_net,11,"{""alpha"":0.5,""l1_ratio"":0.5,""max_iter"":20000}",0.378441446744358,12,2022-01-01,2022-12-01,58,2,0,h3_rolling,3,rolling
4,2023-03-01,elastic_net,12,"{""alpha"":0.5,""l1_ratio"":0.9,""max_iter"":20000}",0.378441446744358,12,2022-01-01,2022-12-01,58,2,0,h3_rolling,3,rolling
1,2020-03-01,elastic_net,1,"{""alpha"":0.001,""l1_ratio"":0.1,""max_iter"":20000}",0.2101699318976916,12,2018-10-01,2019-09-01,38,5,0,h6_expanding,6,expanding
1,2020-03-01,elastic_net,2,"{""alpha"":0.001,""l1_ratio"":0.5,""max_iter"":20000}",0.21959071256086393,12,2018-10-01,2019-09-01,38,5,0,h6_expanding,6,expanding
1,2020-03-01,elastic_net,3,"{""alpha"":0.001,""l1_ratio"":0.9,""max_iter"":20000}",0.2228328060289485,12,2018-10-01,2019-09-01,38,5,0,h6_expanding,6,expanding
1,2020-03-01,elastic_net,4,"{""alpha"":0.01,""l1_ratio"":0.1,""max_iter"":20000}",0.21951881352711453,12,2018-10-01,2019-09-01,38,5,0,h6_expanding,6,expanding
1,2020-03-01,elastic_net,5,"{""alpha"":0.01,""l1_ratio"":0.5,""max_iter"":20000}",0.20431544437628502,12,2018-10-01,2019-09-01,38,5,0,h6_expanding,6,expanding
1,2020-03-01,elastic_net,6,"{""alpha"":0.01,""l1_ratio"":0.9,""max_iter"":20000}",0.1992113192938533,12,2018-10-01,2019-09-01,38,5,0,h6_expanding,6,expanding
1,2020-03-01,elastic_net,7,"{""alpha"":0.1,""l1_ratio"":0.1,""max_iter"":20000}",0.19585233491612267,12,2018-10-01,2019-09-01,38,5,0,h6_expanding,6,expanding
1,2020-03-01,elastic_net,8,"{""alpha"":0.1,""l1_ratio"":0.5,""max_iter"":20000}",0.19813158587067994,12,2018-10-01,2019-09-01,38,5,0,h6_expanding,6,expanding
1,2020-03-01,elastic_net,9,"{""alpha"":0.1,""l1_ratio"":0.9,""max_iter"":20000}",0.18841490749978926,12,2018-10-01,2019-09-01,38,5,0,h6_expanding,6,expanding
1,2020-03-01,elastic_net,10,"{""alpha"":0.5,""l1_ratio"":0.1,""max_iter"":20000}",0.19487662695032246,12,2018-10-01,2019-09-01,38,5,0,h6_expanding,6,expanding
1,2020-03-01,elastic_net,11,"{""alpha"":0.5,""l1_ratio"":0.5,""max_iter"":20000}",0.18710914738989373,12,2018-10-01,2019-09-01,38,5,1,h6_expanding,6,expanding
1,2020-03-01,elastic_net,12,"{""alpha"":0.5,""l1_ratio"":0.9,""max_iter"":20000}",0.18710914738989373,12,2018-10-01,2019-09-01,38,5,0,h6_expanding,6,expanding
2,2021-03-01,elastic_net,1,"{""alpha"":0.001,""l1_ratio"":0.1,""max_iter"":20000}",0.8328793835280014,12,2019-10-01,2020-09-01,50,5,0,h6_expanding,6,expanding
2,2021-03-01,elastic_net,2,"{""alpha"":0.001,""l1_ratio"":0.5,""max_iter"":20000}",0.8186648700066547,12,2019-10-01,2020-09-01,50,5,0,h6_expanding,6,expanding
2,2021-03-01,elastic_net,3,"{""alpha"":0.001,""l1_ratio"":0.9,""max_iter"":20000}",0.7843934992719953,12,2019-10-01,2020-09-01,50,5,0,h6_expanding,6,expanding
2,2021-03-01,elastic_net,4,"{""alpha"":0.01,""l1_ratio"":0.1,""max_iter"":20000}",0.731536523672854,12,2019-10-01,2020-09-01,50,5,0,h6_expanding,6,expanding
2,2021-03-01,elastic_net,5,"{""alpha"":0.01,""l1_ratio"":0.5,""max_iter"":20000}",0.7807781307879567,12,2019-10-01,2020-09-01,50,5,0,h6_expanding,6,expanding
2,2021-03-01,elastic_net,6,"{""alpha"":0.01,""l1_ratio"":0.9,""max_iter"":20000}",0.8059160229815149,12,2019-10-01,2020-09-01,50,5,0,h6_expanding,6,expanding
2,2021-03-01,elastic_net,7,"{""alpha"":0.1,""l1_ratio"":0.1,""max_iter"":20000}",0.8389780797333507,12,2019-10-01,2020-09-01,50,5,0,h6_expanding,6,expanding
2,2021-03-01,elastic_net,8,"{""alpha"":0.1,""l1_ratio"":0.5,""max_iter"":20000}",0.8400178093565128,12,2019-10-01,2020-09-01,50,5,0,h6_expanding,6,expanding
2,2021-03-01,elastic_net,9,"{""alpha"":0.1,""l1_ratio"":0.9,""max_iter"":20000}",0.7227265442519127,12,2019-10-01,2020-09-01,50,5,1,h6_expanding,6,expanding
2,2021-03-01,elastic_net,10,"{""alpha"":0.5,""l1_ratio"":0.1,""max_iter"":20000}",0.807047229134482,12,2019-10-01,2020-09-01,50,5,0,h6_expanding,6,expanding
2,2021-03-01,elastic_net,11,"{""alpha"":0.5,""l1_ratio"":0.5,""max_iter"":20000}",0.7227265442519127,12,2019-10-01,2020-09-01,50,5,0,h6_expanding,6,expanding
2,2021-03-01,elastic_net,12,"{""alpha"":0.5,""l1_ratio"":0.9,""max_iter"":20000}",0.7227265442519127,12,2019-10-01,2020-09-01,50,5,0,h6_expanding,6,expanding
3,2022-03-01,elastic_net,1,"{""alpha"":0.001,""l1_ratio"":0.1,""max_iter"":20000}",1.8043705558750613,12,2020-10-01,2021-09-01,62,5,0,h6_expanding,6,expanding
3,2022-03-01,elastic_net,2,"{""alpha"":0.001,""l1_ratio"":0.5,""max_iter"":20000}",1.7735801648727954,12,2020-10-01,2021-09-01,62,5,0,h6_expanding,6,expanding
3,2022-03-01,elastic_net,3,"{""alpha"":0.001,""l1_ratio"":0.9,""max_iter"":20000}",1.7329050751000803,12,2020-10-01,2021-09-01,62,5,0,h6_expanding,6,expanding
3,2022-03-01,elastic_net,4,"{""alpha"":0.01,""l1_ratio"":0.1,""max_iter"":20000}",1.5923483988947937,12,2020-10-01,2021-09-01,62,5,0,h6_expanding,6,expanding
3,2022-03-01,elastic_net,5,"{""alpha"":0.01,""l1_ratio"":0.5,""max_iter"":20000}",1.2623033671227162,12,2020-10-01,2021-09-01,62,5,0,h6_expanding,6,expanding
3,2022-03-01,elastic_net,6,"{""alpha"":0.01,""l1_ratio"":0.9,""max_iter"":20000}",1.017794469480459,12,2020-10-01,2021-09-01,62,5,0,h6_expanding,6,expanding
3,2022-03-01,elastic_net,7,"{""alpha"":0.1,""l1_ratio"":0.1,""max_iter"":20000}",0.8680717042456356,12,2020-10-01,2021-09-01,62,5,0,h6_expanding,6,expanding
3,2022-03-01,elastic_net,8,"{""alpha"":0.1,""l1_ratio"":0.5,""max_iter"":20000}",0.7020395220553378,12,2020-10-01,2021-09-01,62,5,0,h6_expanding,6,expanding
3,2022-03-01,elastic_net,9,"{""alpha"":0.1,""l1_ratio"":0.9,""max_iter"":20000}",0.6828263412864461,12,2020-10-01,2021-09-01,62,5,0,h6_expanding,6,expanding
3,2022-03-01,elastic_net,10,"{""alpha"":0.5,""l1_ratio"":0.1,""max_iter"":20000}",0.5111237932340564,12,2020-10-01,2021-09-01,62,5,0,h6_expanding,6,expanding
3,2022-03-01,elastic_net,11,"{""alpha"":0.5,""l1_ratio"":0.5,""max_iter"":20000}",0.15804265683838964,12,2020-10-01,2021-09-01,62,5,1,h6_expanding,6,expanding
3,2022-03-01,elastic_net,12,"{""alpha"":0.5,""l1_ratio"":0.9,""max_iter"":20000}",0.16423648323919746,12,2020-10-01,2021-09-01,62,5,0,h6_expanding,6,expanding
4,2023-03-01,elastic_net,1,"{""alpha"":0.001,""l1_ratio"":0.1,""max_iter"":20000}",0.47109785669045184,12,2021-10-01,2022-09-01,74,5,0,h6_expanding,6,expanding
4,2023-03-01,elastic_net,2,"{""alpha"":0.001,""l1_ratio"":0.5,""max_iter"":20000}",0.42117554161375953,12,2021-10-01,2022-09-01,74,5,0,h6_expanding,6,expanding
4,2023-03-01,elastic_net,3,"{""alpha"":0.001,""l1_ratio"":0.9,""max_iter"":20000}",0.3965156063339193,12,2021-10-01,2022-09-01,74,5,0,h6_expanding,6,expanding
4,2023-03-01,elastic_net,4,"{""alpha"":0.01,""l1_ratio"":0.1,""max_iter"":20000}",0.4057240838750846,12,2021-10-01,2022-09-01,74,5,0,h6_expanding,6,expanding
4,2023-03-01,elastic_net,5,"{""alpha"":0.01,""l1_ratio"":0.5,""max_iter"":20000}",0.3629619343910766,12,2021-10-01,2022-09-01,74,5,0,h6_expanding,6,expanding
4,2023-03-01,elastic_net,6,"{""alpha"":0.01,""l1_ratio"":0.9,""max_iter"":20000}",0.3542618418219717,12,2021-10-01,2022-09-01,74,5,0,h6_expanding,6,expanding
4,2023-03-01,elastic_net,7,"{""alpha"":0.1,""l1_ratio"":0.1,""max_iter"":20000}",0.36528238032008753,12,2021-10-01,2022-09-01,74,5,0,h6_expanding,6,expanding
4,2023-03-01,elastic_net,8,"{""alpha"":0.1,""l1_ratio"":0.5,""max_iter"":20000}",0.27639496338259234,12,2021-10-01,2022-09-01,74,5,0,h6_expanding,6,expanding
4,2023-03-01,elastic_net,9,"{""alpha"":0.1,""l1_ratio"":0.9,""max_iter"":20000}",0.27408838438516553,12,2021-10-01,2022-09-01,74,5,1,h6_expanding,6,expanding
4,2023-03-01,elastic_net,10,"{""alpha"":0.5,""l1_ratio"":0.1,""max_iter"":20000}",0.29653787604389753,12,2021-10-01,2022-09-01,74,5,0,h6_expanding,6,expanding
4,2023-03-01,elastic_net,11,"{""alpha"":0.5,""l1_ratio"":0.5,""max_iter"":20000}",0.7311571727569236,12,2021-10-01,2022-09-01,74,5,0,h6_expanding,6,expanding
4,2023-03-01,elastic_net,12,"{""alpha"":0.5,""l1_ratio"":0.9,""max_iter"":20000}",0.7325738977026462,12,2021-10-01,2022-09-01,74,5,0,h6_expanding,6,expanding
1,2020-03-01,elastic_net,1,"{""alpha"":0.001,""l1_ratio"":0.1,""max_iter"":20000}",0.2101699318976916,12,2018-10-01,2019-09-01,38,5,0,h6_rolling,6,rolling
1,2020-03-01,elastic_net,2,"{""alpha"":0.001,""l1_ratio"":0.5,""max_iter"":20000}",0.21959071256086393,12,2018-10-01,2019-09-01,38,5,0,h6_rolling,6,rolling
1,2020-03-01,elastic_net,3,"{""alpha"":0.001,""l1_ratio"":0.9,""max_iter"":20000}",0.2228328060289485,12,2018-10-01,2019-09-01,38,5,0,h6_rolling,6,rolling
1,2020-03-01,elastic_net,4,"{""alpha"":0.01,""l1_ratio"":0.1,""max_iter"":20000}",0.21951881352711453,12,2018-10-01,2019-09-01,38,5,0,h6_rolling,6,rolling
1,2020-03-01,elastic_net,5,"{""alpha"":0.01,""l1_ratio"":0.5,""max_iter"":20000}",0.20431544437628502,12,2018-10-01,2019-09-01,38,5,0,h6_rolling,6,rolling
1,2020-03-01,elastic_net,6,"{""alpha"":0.01,""l1_ratio"":0.9,""max_iter"":20000}",0.1992113192938533,12,2018-10-01,2019-09-01,38,5,0,h6_rolling,6,rolling
1,2020-03-01,elastic_net,7,"{""alpha"":0.1,""l1_ratio"":0.1,""max_iter"":20000}",0.19585233491612267,12,2018-10-01,2019-09-01,38,5,0,h6_rolling,6,rolling
1,2020-03-01,elastic_net,8,"{""alpha"":0.1,""l1_ratio"":0.5,""max_iter"":20000}",0.19813158587067994,12,2018-10-01,2019-09-01,38,5,0,h6_rolling,6,rolling
1,2020-03-01,elastic_net,9,"{""alpha"":0.1,""l1_ratio"":0.9,""max_iter"":20000}",0.18841490749978926,12,2018-10-01,2019-09-01,38,5,0,h6_rolling,6,rolling
1,2020-03-01,elastic_net,10,"{""alpha"":0.5,""l1_ratio"":0.1,""max_iter"":20000}",0.19487662695032246,12,2018-10-01,2019-09-01,38,5,0,h6_rolling,6,rolling
1,2020-03-01,elastic_net,11,"{""alpha"":0.5,""l1_ratio"":0.5,""max_iter"":20000}",0.18710914738989373,12,2018-10-01,2019-09-01,38,5,1,h6_rolling,6,rolling
1,2020-03-01,elastic_net,12,"{""alpha"":0.5,""l1_ratio"":0.9,""max_iter"":20000}",0.18710914738989373,12,2018-10-01,2019-09-01,38,5,0,h6_rolling,6,rolling
2,2021-03-01,elastic_net,1,"{""alpha"":0.001,""l1_ratio"":0.1,""max_iter"":20000}",0.8400770310238331,12,2019-10-01,2020-09-01,50,5,0,h6_rolling,6,rolling
2,2021-03-01,elastic_net,2,"{""alpha"":0.001,""l1_ratio"":0.5,""max_iter"":20000}",0.8140306053534315,12,2019-10-01,2020-09-01,50,5,0,h6_rolling,6,rolling
2,2021-03-01,elastic_net,3,"{""alpha"":0.001,""l1_ratio"":0.9,""max_iter"":20000}",0.7960033366084969,12,2019-10-01,2020-09-01,50,5,0,h6_rolling,6,rolling
2,2021-03-01,elastic_net,4,"{""alpha"":0.01,""l1_ratio"":0.1,""max_iter"":20000}",0.738621985766443,12,2019-10-01,2020-09-01,50,5,0,h6_rolling,6,rolling
2,2021-03-01,elastic_net,5,"{""alpha"":0.01,""l1_ratio"":0.5,""max_iter"":20000}",0.7490499661698383,12,2019-10-01,2020-09-01,50,5,0,h6_rolling,6,rolling
2,2021-03-01,elastic_net,6,"{""alpha"":0.01,""l1_ratio"":0.9,""max_iter"":20000}",0.8044490610431861,12,2019-10-01,2020-09-01,50,5,0,h6_rolling,6,rolling
2,2021-03-01,elastic_net,7,"{""alpha"":0.1,""l1_ratio"":0.1,""max_iter"":20000}",0.8250457521798485,12,2019-10-01,2020-09-01,50,5,0,h6_rolling,6,rolling
2,2021-03-01,elastic_net,8,"{""alpha"":0.1,""l1_ratio"":0.5,""max_iter"":20000}",0.8156529530988084,12,2019-10-01,2020-09-01,50,5,0,h6_rolling,6,rolling
2,2021-03-01,elastic_net,9,"{""alpha"":0.1,""l1_ratio"":0.9,""max_iter"":20000}",0.7280213486972978,12,2019-10-01,2020-09-01,50,5,1,h6_rolling,6,rolling
2,2021-03-01,elastic_net,10,"{""alpha"":0.5,""l1_ratio"":0.1,""max_iter"":20000}",0.7925814903294612,12,2019-10-01,2020-09-01,50,5,0,h6_rolling,6,rolling
2,2021-03-01,elastic_net,11,"{""alpha"":0.5,""l1_ratio"":0.5,""max_iter"":20000}",0.7280213486972978,12,2019-10-01,2020-09-01,50,5,0,h6_rolling,6,rolling
2,2021-03-01,elastic_net,12,"{""alpha"":0.5,""l1_ratio"":0.9,""max_iter"":20000}",0.7280213486972978,12,2019-10-01,2020-09-01,50,5,0,h6_rolling,6,rolling
3,2022-03-01,elastic_net,1,"{""alpha"":0.001,""l1_ratio"":0.1,""max_iter"":20000}",2.246733013160177,12,2020-10-01,2021-09-01,55,5,0,h6_rolling,6,rolling
3,2022-03-01,elastic_net,2,"{""alpha"":0.001,""l1_ratio"":0.5,""max_iter"":20000}",2.169536706550983,12,2020-10-01,2021-09-01,55,5,0,h6_rolling,6,rolling
3,2022-03-01,elastic_net,3,"{""alpha"":0.001,""l1_ratio"":0.9,""max_iter"":20000}",2.031790293074513,12,2020-10-01,2021-09-01,55,5,0,h6_rolling,6,rolling
3,2022-03-01,elastic_net,4,"{""alpha"":0.01,""l1_ratio"":0.1,""max_iter"":20000}",1.7362890013152068,12,2020-10-01,2021-09-01,55,5,0,h6_rolling,6,rolling
3,2022-03-01,elastic_net,5,"{""alpha"":0.01,""l1_ratio"":0.5,""max_iter"":20000}",1.4177750508926261,12,2020-10-01,2021-09-01,55,5,0,h6_rolling,6,rolling
3,2022-03-01,elastic_net,6,"{""alpha"":0.01,""l1_ratio"":0.9,""max_iter"":20000}",1.118892911726504,12,2020-10-01,2021-09-01,55,5,0,h6_rolling,6,rolling
3,2022-03-01,elastic_net,7,"{""alpha"":0.1,""l1_ratio"":0.1,""max_iter"":20000}",0.987324337348792,12,2020-10-01,2021-09-01,55,5,0,h6_rolling,6,rolling
3,2022-03-01,elastic_net,8,"{""alpha"":0.1,""l1_ratio"":0.5,""max_iter"":20000}",0.7882505456999428,12,2020-10-01,2021-09-01,55,5,0,h6_rolling,6,rolling
3,2022-03-01,elastic_net,9,"{""alpha"":0.1,""l1_ratio"":0.9,""max_iter"":20000}",0.8531130310914213,12,2020-10-01,2021-09-01,55,5,0,h6_rolling,6,rolling
3,2022-03-01,elastic_net,10,"{""alpha"":0.5,""l1_ratio"":0.1,""max_iter"":20000}",0.5651013206458383,12,2020-10-01,2021-09-01,55,5,0,h6_rolling,6,rolling
3,2022-03-01,elastic_net,11,"{""alpha"":0.5,""l1_ratio"":0.5,""max_iter"":20000}",0.22928040716307593,12,2020-10-01,2021-09-01,55,5,0,h6_rolling,6,rolling
3,2022-03-01,elastic_net,12,"{""alpha"":0.5,""l1_ratio"":0.9,""max_iter"":20000}",0.16721066280828145,12,2020-10-01,2021-09-01,55,5,1,h6_rolling,6,rolling
4,2023-03-01,elastic_net,1,"{""alpha"":0.001,""l1_ratio"":0.1,""max_iter"":20000}",0.8510706215208206,12,2021-10-01,2022-09-01,55,5,0,h6_rolling,6,rolling
4,2023-03-01,elastic_net,2,"{""alpha"":0.001,""l1_ratio"":0.5,""max_iter"":20000}",0.7731698105383455,12,2021-10-01,2022-09-01,55,5,0,h6_rolling,6,rolling
4,2023-03-01,elastic_net,3,"{""alpha"":0.001,""l1_ratio"":0.9,""max_iter"":20000}",0.7188895258400825,12,2021-10-01,2022-09-01,55,5,0,h6_rolling,6,rolling
4,2023-03-01,elastic_net,4,"{""alpha"":0.01,""l1_ratio"":0.1,""max_iter"":20000}",0.4258523683318935,12,2021-10-01,2022-09-01,55,5,0,h6_rolling,6,rolling
4,2023-03-01,elastic_net,5,"{""alpha"":0.01,""l1_ratio"":0.5,""max_iter"":20000}",0.29249378906228424,12,2021-10-01,2022-09-01,55,5,0,h6_rolling,6,rolling
4,2023-03-01,elastic_net,6,"{""alpha"":0.01,""l1_ratio"":0.9,""max_iter"":20000}",0.24175655552532008,12,2021-10-01,2022-09-01,55,5,0,h6_rolling,6,rolling
4,2023-03-01,elastic_net,7,"{""alpha"":0.1,""l1_ratio"":0.1,""max_iter"":20000}",0.16312365921277697,12,2021-10-01,2022-09-01,55,5,0,h6_rolling,6,rolling
4,2023-03-01,elastic_net,8,"{""alpha"":0.1,""l1_ratio"":0.5,""max_iter"":20000}",0.21170033562769,12,2021-10-01,2022-09-01,55,5,0,h6_rolling,6,rolling
4,2023-03-01,elastic_net,9,"{""alpha"":0.1,""l1_ratio"":0.9,""max_iter"":20000}",0.29408988578855527,12,2021-10-01,2022-09-01,55,5,0,h6_rolling,6,rolling
4,2023-03-01,elastic_net,10,"{""alpha"":0.5,""l1_ratio"":0.1,""max_iter"":20000}",0.1298940480084551,12,2021-10-01,2022-09-01,55,5,1,h6_rolling,6,rolling
4,2023-03-01,elastic_net,11,"{""alpha"":0.5,""l1_ratio"":0.5,""max_iter"":20000}",0.6570292858616004,12,2021-10-01,2022-09-01,55,5,0,h6_rolling,6,rolling
4,2023-03-01,elastic_net,12,"{""alpha"":0.5,""l1_ratio"":0.9,""max_iter"":20000}",0.760986470932104,12,2021-10-01,2022-09-01,55,5,0,h6_rolling,6,rolling
1,2020-03-01,elastic_net,1,"{""alpha"":0.001,""l1_ratio"":0.1,""max_iter"":20000}",0.43633579266236894,12,2018-04-01,2019-03-01,26,11,0,h12_expanding,12,expanding
1,2020-03-01,elastic_net,2,"{""alpha"":0.001,""l1_ratio"":0.5,""max_iter"":20000}",0.369583118840837,12,2018-04-01,2019-03-01,26,11,0,h12_expanding,12,expanding
1,2020-03-01,elastic_net,3,"{""alpha"":0.001,""l1_ratio"":0.9,""max_iter"":20000}",0.33010358691813413,12,2018-04-01,2019-03-01,26,11,0,h12_expanding,12,expanding
1,2020-03-01,elastic_net,4,"{""alpha"":0.01,""l1_ratio"":0.1,""max_iter"":20000}",0.27418276422819904,12,2018-04-01,2019-03-01,26,11,0,h12_expanding,12,expanding
1,2020-03-01,elastic_net,5,"{""alpha"":0.01,""l1_ratio"":0.5,""max_iter"":20000}",0.2492041138646657,12,2018-04-01,2019-03-01,26,11,0,h12_expanding,12,expanding
1,2020-03-01,elastic_net,6,"{""alpha"":0.01,""l1_ratio"":0.9,""max_iter"":20000}",0.2715067423041641,12,2018-04-01,2019-03-01,26,11,0,h12_expanding,12,expanding
1,2020-03-01,elastic_net,7,"{""alpha"":0.1,""l1_ratio"":0.1,""max_iter"":20000}",0.2730743315094533,12,2018-04-01,2019-03-01,26,11,0,h12_expanding,12,expanding
1,2020-03-01,elastic_net,8,"{""alpha"":0.1,""l1_ratio"":0.5,""max_iter"":20000}",0.2404626854370405,12,2018-04-01,2019-03-01,26,11,0,h12_expanding,12,expanding
1,2020-03-01,elastic_net,9,"{""alpha"":0.1,""l1_ratio"":0.9,""max_iter"":20000}",0.20526879444825116,12,2018-04-01,2019-03-01,26,11,1,h12_expanding,12,expanding
1,2020-03-01,elastic_net,10,"{""alpha"":0.5,""l1_ratio"":0.1,""max_iter"":20000}",0.2309711831701463,12,2018-04-01,2019-03-01,26,11,0,h12_expanding,12,expanding
1,2020-03-01,elastic_net,11,"{""alpha"":0.5,""l1_ratio"":0.5,""max_iter"":20000}",0.20526879444825116,12,2018-04-01,2019-03-01,26,11,0,h12_expanding,12,expanding
1,2020-03-01,elastic_net,12,"{""alpha"":0.5,""l1_ratio"":0.9,""max_iter"":20000}",0.20526879444825116,12,2018-04-01,2019-03-01,26,11,0,h12_expanding,12,expanding
2,2021-03-01,elastic_net,1,"{""alpha"":0.001,""l1_ratio"":0.1,""max_iter"":20000}",0.7852084119159534,12,2019-04-01,2020-03-01,38,11,0,h12_expanding,12,expanding
2,2021-03-01,elastic_net,2,"{""alpha"":0.001,""l1_ratio"":0.5,""max_iter"":20000}",0.7120397095924043,12,2019-04-01,2020-03-01,38,11,0,h12_expanding,12,expanding
2,2021-03-01,elastic_net,3,"{""alpha"":0.001,""l1_ratio"":0.9,""max_iter"":20000}",0.6611962239701258,12,2019-04-01,2020-03-01,38,11,0,h12_expanding,12,expanding
2,2021-03-01,elastic_net,4,"{""alpha"":0.01,""l1_ratio"":0.1,""max_iter"":20000}",0.633798725361733,12,2019-04-01,2020-03-01,38,11,0,h12_expanding,12,expanding
2,2021-03-01,elastic_net,5,"{""alpha"":0.01,""l1_ratio"":0.5,""max_iter"":20000}",0.6019993272241596,12,2019-04-01,2020-03-01,38,11,0,h12_expanding,12,expanding
2,2021-03-01,elastic_net,6,"{""alpha"":0.01,""l1_ratio"":0.9,""max_iter"":20000}",0.5902491130089211,12,2019-04-01,2020-03-01,38,11,1,h12_expanding,12,expanding
2,2021-03-01,elastic_net,7,"{""alpha"":0.1,""l1_ratio"":0.1,""max_iter"":20000}",0.6119799954804671,12,2019-04-01,2020-03-01,38,11,0,h12_expanding,12,expanding
2,2021-03-01,elastic_net,8,"{""alpha"":0.1,""l1_ratio"":0.5,""max_iter"":20000}",0.7138122324786701,12,2019-04-01,2020-03-01,38,11,0,h12_expanding,12,expanding
2,2021-03-01,elastic_net,9,"{""alpha"":0.1,""l1_ratio"":0.9,""max_iter"":20000}",0.7595590718308278,12,2019-04-01,2020-03-01,38,11,0,h12_expanding,12,expanding
2,2021-03-01,elastic_net,10,"{""alpha"":0.5,""l1_ratio"":0.1,""max_iter"":20000}",0.7301028466602539,12,2019-04-01,2020-03-01,38,11,0,h12_expanding,12,expanding
2,2021-03-01,elastic_net,11,"{""alpha"":0.5,""l1_ratio"":0.5,""max_iter"":20000}",0.7595590718308278,12,2019-04-01,2020-03-01,38,11,0,h12_expanding,12,expanding
2,2021-03-01,elastic_net,12,"{""alpha"":0.5,""l1_ratio"":0.9,""max_iter"":20000}",0.7595590718308278,12,2019-04-01,2020-03-01,38,11,0,h12_expanding,12,expanding
3,2022-03-01,elastic_net,1,"{""alpha"":0.001,""l1_ratio"":0.1,""max_iter"":20000}",2.023485853301445,12,2020-04-01,2021-03-01,50,11,0,h12_expanding,12,expanding
3,2022-03-01,elastic_net,2,"{""alpha"":0.001,""l1_ratio"":0.5,""max_iter"":20000}",1.803815780096272,12,2020-04-01,2021-03-01,50,11,0,h12_expanding,12,expanding
3,2022-03-01,elastic_net,3,"{""alpha"":0.001,""l1_ratio"":0.9,""max_iter"":20000}",1.7100721790248723,12,2020-04-01,2021-03-01,50,11,0,h12_expanding,12,expanding
3,2022-03-01,elastic_net,4,"{""alpha"":0.01,""l1_ratio"":0.1,""max_iter"":20000}",1.5576549297644433,12,2020-04-01,2021-03-01,50,11,0,h12_expanding,12,expanding
3,2022-03-01,elastic_net,5,"{""alpha"":0.01,""l1_ratio"":0.5,""max_iter"":20000}",1.2121992512212516,12,2020-04-01,2021-03-01,50,11,0,h12_expanding,12,expanding
3,2022-03-01,elastic_net,6,"{""alpha"":0.01,""l1_ratio"":0.9,""max_iter"":20000}",1.0347923941471986,12,2020-04-01,2021-03-01,50,11,0,h12_expanding,12,expanding
3,2022-03-01,elastic_net,7,"{""alpha"":0.1,""l1_ratio"":0.1,""max_iter"":20000}",0.7855571085307718,12,2020-04-01,2021-03-01,50,11,0,h12_expanding,12,expanding
3,2022-03-01,elastic_net,8,"{""alpha"":0.1,""l1_ratio"":0.5,""max_iter"":20000}",0.6292809237677605,12,2020-04-01,2021-03-01,50,11,1,h12_expanding,12,expanding
3,2022-03-01,elastic_net,9,"{""alpha"":0.1,""l1_ratio"":0.9,""max_iter"":20000}",0.7733554400703843,12,2020-04-01,2021-03-01,50,11,0,h12_expanding,12,expanding
3,2022-03-01,elastic_net,10,"{""alpha"":0.5,""l1_ratio"":0.1,""max_iter"":20000}",0.675378554719667,12,2020-04-01,2021-03-01,50,11,0,h12_expanding,12,expanding
3,2022-03-01,elastic_net,11,"{""alpha"":0.5,""l1_ratio"":0.5,""max_iter"":20000}",0.8012814477021933,12,2020-04-01,2021-03-01,50,11,0,h12_expanding,12,expanding
3,2022-03-01,elastic_net,12,"{""alpha"":0.5,""l1_ratio"":0.9,""max_iter"":20000}",0.7908681008479342,12,2020-04-01,2021-03-01,50,11,0,h12_expanding,12,expanding
4,2023-03-01,elastic_net,1,"{""alpha"":0.001,""l1_ratio"":0.1,""max_iter"":20000}",2.226291685966787,12,2021-04-01,2022-03-01,62,11,0,h12_expanding,12,expanding
4,2023-03-01,elastic_net,2,"{""alpha"":0.001,""l1_ratio"":0.5,""max_iter"":20000}",1.9481832233916323,12,2021-04-01,2022-03-01,62,11,0,h12_expanding,12,expanding
4,2023-03-01,elastic_net,3,"{""alpha"":0.001,""l1_ratio"":0.9,""max_iter"":20000}",1.642087524473301,12,2021-04-01,2022-03-01,62,11,0,h12_expanding,12,expanding
4,2023-03-01,elastic_net,4,"{""alpha"":0.01,""l1_ratio"":0.1,""max_iter"":20000}",0.7895797085024437,12,2021-04-01,2022-03-01,62,11,0,h12_expanding,12,expanding
4,2023-03-01,elastic_net,5,"{""alpha"":0.01,""l1_ratio"":0.5,""max_iter"":20000}",0.7628522871164551,12,2021-04-01,2022-03-01,62,11,0,h12_expanding,12,expanding
4,2023-03-01,elastic_net,6,"{""alpha"":0.01,""l1_ratio"":0.9,""max_iter"":20000}",0.8830473310444019,12,2021-04-01,2022-03-01,62,11,0,h12_expanding,12,expanding
4,2023-03-01,elastic_net,7,"{""alpha"":0.1,""l1_ratio"":0.1,""max_iter"":20000}",0.2980789578048543,12,2021-04-01,2022-03-01,62,11,0,h12_expanding,12,expanding
4,2023-03-01,elastic_net,8,"{""alpha"":0.1,""l1_ratio"":0.5,""max_iter"":20000}",0.4000084946991214,12,2021-04-01,2022-03-01,62,11,0,h12_expanding,12,expanding
4,2023-03-01,elastic_net,9,"{""alpha"":0.1,""l1_ratio"":0.9,""max_iter"":20000}",0.3960942296599908,12,2021-04-01,2022-03-01,62,11,0,h12_expanding,12,expanding
4,2023-03-01,elastic_net,10,"{""alpha"":0.5,""l1_ratio"":0.1,""max_iter"":20000}",0.10448245019948343,12,2021-04-01,2022-03-01,62,11,1,h12_expanding,12,expanding
4,2023-03-01,elastic_net,11,"{""alpha"":0.5,""l1_ratio"":0.5,""max_iter"":20000}",0.5458684578418428,12,2021-04-01,2022-03-01,62,11,0,h12_expanding,12,expanding
4,2023-03-01,elastic_net,12,"{""alpha"":0.5,""l1_ratio"":0.9,""max_iter"":20000}",1.0380782783871707,12,2021-04-01,2022-03-01,62,11,0,h12_expanding,12,expanding
1,2020-03-01,elastic_net,1,"{""alpha"":0.001,""l1_ratio"":0.1,""max_iter"":20000}",0.43633579266236894,12,2018-04-01,2019-03-01,26,11,0,h12_rolling,12,rolling
1,2020-03-01,elastic_net,2,"{""alpha"":0.001,""l1_ratio"":0.5,""max_iter"":20000}",0.369583118840837,12,2018-04-01,2019-03-01,26,11,0,h12_rolling,12,rolling
1,2020-03-01,elastic_net,3,"{""alpha"":0.001,""l1_ratio"":0.9,""max_iter"":20000}",0.33010358691813413,12,2018-04-01,2019-03-01,26,11,0,h12_rolling,12,rolling
1,2020-03-01,elastic_net,4,"{""alpha"":0.01,""l1_ratio"":0.1,""max_iter"":20000}",0.27418276422819904,12,2018-04-01,2019-03-01,26,11,0,h12_rolling,12,rolling
1,2020-03-01,elastic_net,5,"{""alpha"":0.01,""l1_ratio"":0.5,""max_iter"":20000}",0.2492041138646657,12,2018-04-01,2019-03-01,26,11,0,h12_rolling,12,rolling
1,2020-03-01,elastic_net,6,"{""alpha"":0.01,""l1_ratio"":0.9,""max_iter"":20000}",0.2715067423041641,12,2018-04-01,2019-03-01,26,11,0,h12_rolling,12,rolling
1,2020-03-01,elastic_net,7,"{""alpha"":0.1,""l1_ratio"":0.1,""max_iter"":20000}",0.2730743315094533,12,2018-04-01,2019-03-01,26,11,0,h12_rolling,12,rolling
1,2020-03-01,elastic_net,8,"{""alpha"":0.1,""l1_ratio"":0.5,""max_iter"":20000}",0.2404626854370405,12,2018-04-01,2019-03-01,26,11,0,h12_rolling,12,rolling
1,2020-03-01,elastic_net,9,"{""alpha"":0.1,""l1_ratio"":0.9,""max_iter"":20000}",0.20526879444825116,12,2018-04-01,2019-03-01,26,11,1,h12_rolling,12,rolling
1,2020-03-01,elastic_net,10,"{""alpha"":0.5,""l1_ratio"":0.1,""max_iter"":20000}",0.2309711831701463,12,2018-04-01,2019-03-01,26,11,0,h12_rolling,12,rolling
1,2020-03-01,elastic_net,11,"{""alpha"":0.5,""l1_ratio"":0.5,""max_iter"":20000}",0.20526879444825116,12,2018-04-01,2019-03-01,26,11,0,h12_rolling,12,rolling
1,2020-03-01,elastic_net,12,"{""alpha"":0.5,""l1_ratio"":0.9,""max_iter"":20000}",0.20526879444825116,12,2018-04-01,2019-03-01,26,11,0,h12_rolling,12,rolling
2,2021-03-01,elastic_net,1,"{""alpha"":0.001,""l1_ratio"":0.1,""max_iter"":20000}",0.7852084119159534,12,2019-04-01,2020-03-01,38,11,0,h12_rolling,12,rolling
2,2021-03-01,elastic_net,2,"{""alpha"":0.001,""l1_ratio"":0.5,""max_iter"":20000}",0.7120397095924043,12,2019-04-01,2020-03-01,38,11,0,h12_rolling,12,rolling
2,2021-03-01,elastic_net,3,"{""alpha"":0.001,""l1_ratio"":0.9,""max_iter"":20000}",0.6611962239701258,12,2019-04-01,2020-03-01,38,11,0,h12_rolling,12,rolling
2,2021-03-01,elastic_net,4,"{""alpha"":0.01,""l1_ratio"":0.1,""max_iter"":20000}",0.633798725361733,12,2019-04-01,2020-03-01,38,11,0,h12_rolling,12,rolling
2,2021-03-01,elastic_net,5,"{""alpha"":0.01,""l1_ratio"":0.5,""max_iter"":20000}",0.6019993272241596,12,2019-04-01,2020-03-01,38,11,0,h12_rolling,12,rolling
2,2021-03-01,elastic_net,6,"{""alpha"":0.01,""l1_ratio"":0.9,""max_iter"":20000}",0.5902491130089211,12,2019-04-01,2020-03-01,38,11,1,h12_rolling,12,rolling
2,2021-03-01,elastic_net,7,"{""alpha"":0.1,""l1_ratio"":0.1,""max_iter"":20000}",0.6119799954804671,12,2019-04-01,2020-03-01,38,11,0,h12_rolling,12,rolling
2,2021-03-01,elastic_net,8,"{""alpha"":0.1,""l1_ratio"":0.5,""max_iter"":20000}",0.7138122324786701,12,2019-04-01,2020-03-01,38,11,0,h12_rolling,12,rolling
2,2021-03-01,elastic_net,9,"{""alpha"":0.1,""l1_ratio"":0.9,""max_iter"":20000}",0.7595590718308278,12,2019-04-01,2020-03-01,38,11,0,h12_rolling,12,rolling
2,2021-03-01,elastic_net,10,"{""alpha"":0.5,""l1_ratio"":0.1,""max_iter"":20000}",0.7301028466602539,12,2019-04-01,2020-03-01,38,11,0,h12_rolling,12,rolling
2,2021-03-01,elastic_net,11,"{""alpha"":0.5,""l1_ratio"":0.5,""max_iter"":20000}",0.7595590718308278,12,2019-04-01,2020-03-01,38,11,0,h12_rolling,12,rolling
2,2021-03-01,elastic_net,12,"{""alpha"":0.5,""l1_ratio"":0.9,""max_iter"":20000}",0.7595590718308278,12,2019-04-01,2020-03-01,38,11,0,h12_rolling,12,rolling
3,2022-03-01,elastic_net,1,"{""alpha"":0.001,""l1_ratio"":0.1,""max_iter"":20000}",2.8338880942354403,12,2020-04-01,2021-03-01,49,11,0,h12_rolling,12,rolling
3,2022-03-01,elastic_net,2,"{""alpha"":0.001,""l1_ratio"":0.5,""max_iter"":20000}",2.6212992912466775,12,2020-04-01,2021-03-01,49,11,0,h12_rolling,12,rolling
3,2022-03-01,elastic_net,3,"{""alpha"":0.001,""l1_ratio"":0.9,""max_iter"":20000}",2.524326835325812,12,2020-04-01,2021-03-01,49,11,0,h12_rolling,12,rolling
3,2022-03-01,elastic_net,4,"{""alpha"":0.01,""l1_ratio"":0.1,""max_iter"":20000}",2.126634921190671,12,2020-04-01,2021-03-01,49,11,0,h12_rolling,12,rolling
3,2022-03-01,elastic_net,5,"{""alpha"":0.01,""l1_ratio"":0.5,""max_iter"":20000}",1.8061267674594432,12,2020-04-01,2021-03-01,49,11,0,h12_rolling,12,rolling
3,2022-03-01,elastic_net,6,"{""alpha"":0.01,""l1_ratio"":0.9,""max_iter"":20000}",1.5498793595105418,12,2020-04-01,2021-03-01,49,11,0,h12_rolling,12,rolling
3,2022-03-01,elastic_net,7,"{""alpha"":0.1,""l1_ratio"":0.1,""max_iter"":20000}",1.0039128698643076,12,2020-04-01,2021-03-01,49,11,0,h12_rolling,12,rolling
3,2022-03-01,elastic_net,8,"{""alpha"":0.1,""l1_ratio"":0.5,""max_iter"":20000}",0.8332381604561894,12,2020-04-01,2021-03-01,49,11,0,h12_rolling,12,rolling
3,2022-03-01,elastic_net,9,"{""alpha"":0.1,""l1_ratio"":0.9,""max_iter"":20000}",0.9690821326741045,12,2020-04-01,2021-03-01,49,11,0,h12_rolling,12,rolling
3,2022-03-01,elastic_net,10,"{""alpha"":0.5,""l1_ratio"":0.1,""max_iter"":20000}",0.732888747814857,12,2020-04-01,2021-03-01,49,11,1,h12_rolling,12,rolling
3,2022-03-01,elastic_net,11,"{""alpha"":0.5,""l1_ratio"":0.5,""max_iter"":20000}",0.8725955197810707,12,2020-04-01,2021-03-01,49,11,0,h12_rolling,12,rolling
3,2022-03-01,elastic_net,12,"{""alpha"":0.5,""l1_ratio"":0.9,""max_iter"":20000}",0.805237269835697,12,2020-04-01,2021-03-01,49,11,0,h12_rolling,12,rolling
4,2023-03-01,elastic_net,1,"{""alpha"":0.001,""l1_ratio"":0.1,""max_iter"":20000}",3.566590636192623,12,2021-04-01,2022-03-01,49,11,0,h12_rolling,12,rolling
4,2023-03-01,elastic_net,2,"{""alpha"":0.001,""l1_ratio"":0.5,""max_iter"":20000}",3.164151883511822,12,2021-04-01,2022-03-01,49,11,0,h12_rolling,12,rolling
4,2023-03-01,elastic_net,3,"{""alpha"":0.001,""l1_ratio"":0.9,""max_iter"":20000}",2.6273614918555146,12,2021-04-01,2022-03-01,49,11,0,h12_rolling,12,rolling
4,2023-03-01,elastic_net,4,"{""alpha"":0.01,""l1_ratio"":0.1,""max_iter"":20000}",0.6179292859304802,12,2021-04-01,2022-03-01,49,11,0,h12_rolling,12,rolling
4,2023-03-01,elastic_net,5,"{""alpha"":0.01,""l1_ratio"":0.5,""max_iter"":20000}",0.523580227187737,12,2021-04-01,2022-03-01,49,11,0,h12_rolling,12,rolling
4,2023-03-01,elastic_net,6,"{""alpha"":0.01,""l1_ratio"":0.9,""max_iter"":20000}",0.5440830602558719,12,2021-04-01,2022-03-01,49,11,0,h12_rolling,12,rolling
4,2023-03-01,elastic_net,7,"{""alpha"":0.1,""l1_ratio"":0.1,""max_iter"":20000}",0.2052071256143184,12,2021-04-01,2022-03-01,49,11,0,h12_rolling,12,rolling
4,2023-03-01,elastic_net,8,"{""alpha"":0.1,""l1_ratio"":0.5,""max_iter"":20000}",0.5104023080338312,12,2021-04-01,2022-03-01,49,11,0,h12_rolling,12,rolling
4,2023-03-01,elastic_net,9,"{""alpha"":0.1,""l1_ratio"":0.9,""max_iter"":20000}",0.5453695809562876,12,2021-04-01,2022-03-01,49,11,0,h12_rolling,12,rolling
4,2023-03-01,elastic_net,10,"{""alpha"":0.5,""l1_ratio"":0.1,""max_iter"":20000}",0.19835474596057903,12,2021-04-01,2022-03-01,49,11,1,h12_rolling,12,rolling
4,2023-03-01,elastic_net,11,"{""alpha"":0.5,""l1_ratio"":0.5,""max_iter"":20000}",0.4173443776825026,12,2021-04-01,2022-03-01,49,11,0,h12_rolling,12,rolling
4,2023-03-01,elastic_net,12,"{""alpha"":0.5,""l1_ratio"":0.9,""max_iter"":20000}",0.9752142703908393,12,2021-04-01,2022-03-01,49,11,0,h12_rolling,12,rolling
