fold_id,outer_test_start,model,candidate_id,parameters,inner_mae,inner_validation_origins,inner_validation_start,inner_validation_end,minimum_inner_training_rows,maximum_inner_purged_rows,selected,feature_set,feature_count
1,2020-03-01,elastic_net_full_23,1,"{""alpha"":0.001,""l1_ratio"":0.1,""max_iter"":20000}",0.2101699318976916,12,2018-10-01,2019-09-01,38,5,0,full_23,23
1,2020-03-01,elastic_net_full_23,2,"{""alpha"":0.001,""l1_ratio"":0.5,""max_iter"":20000}",0.21959071256086393,12,2018-10-01,2019-09-01,38,5,0,full_23,23
1,2020-03-01,elastic_net_full_23,3,"{""alpha"":0.001,""l1_ratio"":0.9,""max_iter"":20000}",0.2228328060289485,12,2018-10-01,2019-09-01,38,5,0,full_23,23
1,2020-03-01,elastic_net_full_23,4,"{""alpha"":0.01,""l1_ratio"":0.1,""max_iter"":20000}",0.21951881352711453,12,2018-10-01,2019-09-01,38,5,0,full_23,23
1,2020-03-01,elastic_net_full_23,5,"{""alpha"":0.01,""l1_ratio"":0.5,""max_iter"":20000}",0.20431544437628502,12,2018-10-01,2019-09-01,38,5,0,full_23,23
1,2020-03-01,elastic_net_full_23,6,"{""alpha"":0.01,""l1_ratio"":0.9,""max_iter"":20000}",0.1992113192938533,12,2018-10-01,2019-09-01,38,5,0,full_23,23
1,2020-03-01,elastic_net_full_23,7,"{""alpha"":0.1,""l1_ratio"":0.1,""max_iter"":20000}",0.19585233491612267,12,2018-10-01,2019-09-01,38,5,0,full_23,23
1,2020-03-01,elastic_net_full_23,8,"{""alpha"":0.1,""l1_ratio"":0.5,""max_iter"":20000}",0.19813158587067994,12,2018-10-01,2019-09-01,38,5,0,full_23,23
1,2020-03-01,elastic_net_full_23,9,"{""alpha"":0.1,""l1_ratio"":0.9,""max_iter"":20000}",0.18841490749978926,12,2018-10-01,2019-09-01,38,5,0,full_23,23
1,2020-03-01,elastic_net_full_23,10,"{""alpha"":0.5,""l1_ratio"":0.1,""max_iter"":20000}",0.19487662695032246,12,2018-10-01,2019-09-01,38,5,0,full_23,23
1,2020-03-01,elastic_net_full_23,11,"{""alpha"":0.5,""l1_ratio"":0.5,""max_iter"":20000}",0.18710914738989373,12,2018-10-01,2019-09-01,38,5,1,full_23,23
1,2020-03-01,elastic_net_full_23,12,"{""alpha"":0.5,""l1_ratio"":0.9,""max_iter"":20000}",0.18710914738989373,12,2018-10-01,2019-09-01,38,5,0,full_23,23
1,2020-03-01,elastic_net_core_10,1,"{""alpha"":0.001,""l1_ratio"":0.1,""max_iter"":20000}",0.28242562580484637,12,2018-10-01,2019-09-01,38,5,0,core_10,10
1,2020-03-01,elastic_net_core_10,2,"{""alpha"":0.001,""l1_ratio"":0.5,""max_iter"":20000}",0.26585727879790305,12,2018-10-01,2019-09-01,38,5,0,core_10,10
1,2020-03-01,elastic_net_core_10,3,"{""alpha"":0.001,""l1_ratio"":0.9,""max_iter"":20000}",0.2512215539198303,12,2018-10-01,2019-09-01,38,5,0,core_10,10
1,2020-03-01,elastic_net_core_10,4,"{""alpha"":0.01,""l1_ratio"":0.1,""max_iter"":20000}",0.2385827862500748,12,2018-10-01,2019-09-01,38,5,0,core_10,10
1,2020-03-01,elastic_net_core_10,5,"{""alpha"":0.01,""l1_ratio"":0.5,""max_iter"":20000}",0.21405811423481427,12,2018-10-01,2019-09-01,38,5,0,core_10,10
1,2020-03-01,elastic_net_core_10,6,"{""alpha"":0.01,""l1_ratio"":0.9,""max_iter"":20000}",0.19603485075637095,12,2018-10-01,2019-09-01,38,5,0,core_10,10
1,2020-03-01,elastic_net_core_10,7,"{""alpha"":0.1,""l1_ratio"":0.1,""max_iter"":20000}",0.17842946037298113,12,2018-10-01,2019-09-01,38,5,1,core_10,10
1,2020-03-01,elastic_net_core_10,8,"{""alpha"":0.1,""l1_ratio"":0.5,""max_iter"":20000}",0.1974885398127693,12,2018-10-01,2019-09-01,38,5,0,core_10,10
1,2020-03-01,elastic_net_core_10,9,"{""alpha"":0.1,""l1_ratio"":0.9,""max_iter"":20000}",0.18841490749978926,12,2018-10-01,2019-09-01,38,5,0,core_10,10
1,2020-03-01,elastic_net_core_10,10,"{""alpha"":0.5,""l1_ratio"":0.1,""max_iter"":20000}",0.19403455128936142,12,2018-10-01,2019-09-01,38,5,0,core_10,10
1,2020-03-01,elastic_net_core_10,11,"{""alpha"":0.5,""l1_ratio"":0.5,""max_iter"":20000}",0.18710914738989373,12,2018-10-01,2019-09-01,38,5,0,core_10,10
1,2020-03-01,elastic_net_core_10,12,"{""alpha"":0.5,""l1_ratio"":0.9,""max_iter"":20000}",0.18710914738989373,12,2018-10-01,2019-09-01,38,5,0,core_10,10
1,2020-03-01,elastic_net_macro_core_8,1,"{""alpha"":0.001,""l1_ratio"":0.1,""max_iter"":20000}",0.2606039745941419,12,2018-10-01,2019-09-01,38,5,0,macro_core_8,8
1,2020-03-01,elastic_net_macro_core_8,2,"{""alpha"":0.001,""l1_ratio"":0.5,""max_iter"":20000}",0.25106215885853894,12,2018-10-01,2019-09-01,38,5,0,macro_core_8,8
1,2020-03-01,elastic_net_macro_core_8,3,"{""alpha"":0.001,""l1_ratio"":0.9,""max_iter"":20000}",0.2421656336814552,12,2018-10-01,2019-09-01,38,5,0,macro_core_8,8
1,2020-03-01,elastic_net_macro_core_8,4,"{""alpha"":0.01,""l1_ratio"":0.1,""max_iter"":20000}",0.23309155737026147,12,2018-10-01,2019-09-01,38,5,0,macro_core_8,8
1,2020-03-01,elastic_net_macro_core_8,5,"{""alpha"":0.01,""l1_ratio"":0.5,""max_iter"":20000}",0.21334781374300962,12,2018-10-01,2019-09-01,38,5,0,macro_core_8,8
1,2020-03-01,elastic_net_macro_core_8,6,"{""alpha"":0.01,""l1_ratio"":0.9,""max_iter"":20000}",0.19480460499554444,12,2018-10-01,2019-09-01,38,5,0,macro_core_8,8
1,2020-03-01,elastic_net_macro_core_8,7,"{""alpha"":0.1,""l1_ratio"":0.1,""max_iter"":20000}",0.18271569407564925,12,2018-10-01,2019-09-01,38,5,1,macro_core_8,8
1,2020-03-01,elastic_net_macro_core_8,8,"{""alpha"":0.1,""l1_ratio"":0.5,""max_iter"":20000}",0.1974885398127693,12,2018-10-01,2019-09-01,38,5,0,macro_core_8,8
1,2020-03-01,elastic_net_macro_core_8,9,"{""alpha"":0.1,""l1_ratio"":0.9,""max_iter"":20000}",0.18841490749978926,12,2018-10-01,2019-09-01,38,5,0,macro_core_8,8
1,2020-03-01,elastic_net_macro_core_8,10,"{""alpha"":0.5,""l1_ratio"":0.1,""max_iter"":20000}",0.19403455128936142,12,2018-10-01,2019-09-01,38,5,0,macro_core_8,8
1,2020-03-01,elastic_net_macro_core_8,11,"{""alpha"":0.5,""l1_ratio"":0.5,""max_iter"":20000}",0.18710914738989373,12,2018-10-01,2019-09-01,38,5,0,macro_core_8,8
1,2020-03-01,elastic_net_macro_core_8,12,"{""alpha"":0.5,""l1_ratio"":0.9,""max_iter"":20000}",0.18710914738989373,12,2018-10-01,2019-09-01,38,5,0,macro_core_8,8
1,2020-03-01,elastic_net_ar_core_5,1,"{""alpha"":0.001,""l1_ratio"":0.1,""max_iter"":20000}",0.27308889964661576,12,2018-10-01,2019-09-01,38,5,0,ar_core_5,5
1,2020-03-01,elastic_net_ar_core_5,2,"{""alpha"":0.001,""l1_ratio"":0.5,""max_iter"":20000}",0.2726301017639204,12,2018-10-01,2019-09-01,38,5,0,ar_core_5,5
1,2020-03-01,elastic_net_ar_core_5,3,"{""alpha"":0.001,""l1_ratio"":0.9,""max_iter"":20000}",0.27217021734060365,12,2018-10-01,2019-09-01,38,5,0,ar_core_5,5
1,2020-03-01,elastic_net_ar_core_5,4,"{""alpha"":0.01,""l1_ratio"":0.1,""max_iter"":20000}",0.27112770245319623,12,2018-10-01,2019-09-01,38,5,0,ar_core_5,5
1,2020-03-01,elastic_net_ar_core_5,5,"{""alpha"":0.01,""l1_ratio"":0.5,""max_iter"":20000}",0.2674785594598594,12,2018-10-01,2019-09-01,38,5,0,ar_core_5,5
1,2020-03-01,elastic_net_ar_core_5,6,"{""alpha"":0.01,""l1_ratio"":0.9,""max_iter"":20000}",0.26445609116819696,12,2018-10-01,2019-09-01,38,5,0,ar_core_5,5
1,2020-03-01,elastic_net_ar_core_5,7,"{""alpha"":0.1,""l1_ratio"":0.1,""max_iter"":20000}",0.256733069245265,12,2018-10-01,2019-09-01,38,5,0,ar_core_5,5
1,2020-03-01,elastic_net_ar_core_5,8,"{""alpha"":0.1,""l1_ratio"":0.5,""max_iter"":20000}",0.21644304459521815,12,2018-10-01,2019-09-01,38,5,0,ar_core_5,5
1,2020-03-01,elastic_net_ar_core_5,9,"{""alpha"":0.1,""l1_ratio"":0.9,""max_iter"":20000}",0.18841490749978926,12,2018-10-01,2019-09-01,38,5,0,ar_core_5,5
1,2020-03-01,elastic_net_ar_core_5,10,"{""alpha"":0.5,""l1_ratio"":0.1,""max_iter"":20000}",0.2080997291321759,12,2018-10-01,2019-09-01,38,5,0,ar_core_5,5
1,2020-03-01,elastic_net_ar_core_5,11,"{""alpha"":0.5,""l1_ratio"":0.5,""max_iter"":20000}",0.18710914738989373,12,2018-10-01,2019-09-01,38,5,1,ar_core_5,5
1,2020-03-01,elastic_net_ar_core_5,12,"{""alpha"":0.5,""l1_ratio"":0.9,""max_iter"":20000}",0.18710914738989373,12,2018-10-01,2019-09-01,38,5,0,ar_core_5,5
2,2021-03-01,elastic_net_full_23,1,"{""alpha"":0.001,""l1_ratio"":0.1,""max_iter"":20000}",0.8328793835280014,12,2019-10-01,2020-09-01,50,5,0,full_23,23
2,2021-03-01,elastic_net_full_23,2,"{""alpha"":0.001,""l1_ratio"":0.5,""max_iter"":20000}",0.8186648700066547,12,2019-10-01,2020-09-01,50,5,0,full_23,23
2,2021-03-01,elastic_net_full_23,3,"{""alpha"":0.001,""l1_ratio"":0.9,""max_iter"":20000}",0.7843934992719953,12,2019-10-01,2020-09-01,50,5,0,full_23,23
2,2021-03-01,elastic_net_full_23,4,"{""alpha"":0.01,""l1_ratio"":0.1,""max_iter"":20000}",0.731536523672854,12,2019-10-01,2020-09-01,50,5,0,full_23,23
2,2021-03-01,elastic_net_full_23,5,"{""alpha"":0.01,""l1_ratio"":0.5,""max_iter"":20000}",0.7807781307879567,12,2019-10-01,2020-09-01,50,5,0,full_23,23
2,2021-03-01,elastic_net_full_23,6,"{""alpha"":0.01,""l1_ratio"":0.9,""max_iter"":20000}",0.8059160229815149,12,2019-10-01,2020-09-01,50,5,0,full_23,23
2,2021-03-01,elastic_net_full_23,7,"{""alpha"":0.1,""l1_ratio"":0.1,""max_iter"":20000}",0.8389780797333507,12,2019-10-01,2020-09-01,50,5,0,full_23,23
2,2021-03-01,elastic_net_full_23,8,"{""alpha"":0.1,""l1_ratio"":0.5,""max_iter"":20000}",0.8400178093565128,12,2019-10-01,2020-09-01,50,5,0,full_23,23
2,2021-03-01,elastic_net_full_23,9,"{""alpha"":0.1,""l1_ratio"":0.9,""max_iter"":20000}",0.7227265442519127,12,2019-10-01,2020-09-01,50,5,1,full_23,23
2,2021-03-01,elastic_net_full_23,10,"{""alpha"":0.5,""l1_ratio"":0.1,""max_iter"":20000}",0.807047229134482,12,2019-10-01,2020-09-01,50,5,0,full_23,23
2,2021-03-01,elastic_net_full_23,11,"{""alpha"":0.5,""l1_ratio"":0.5,""max_iter"":20000}",0.7227265442519127,12,2019-10-01,2020-09-01,50,5,0,full_23,23
2,2021-03-01,elastic_net_full_23,12,"{""alpha"":0.5,""l1_ratio"":0.9,""max_iter"":20000}",0.7227265442519127,12,2019-10-01,2020-09-01,50,5,0,full_23,23
2,2021-03-01,elastic_net_core_10,1,"{""alpha"":0.001,""l1_ratio"":0.1,""max_iter"":20000}",1.1128463107354996,12,2019-10-01,2020-09-01,50,5,0,core_10,10
2,2021-03-01,elastic_net_core_10,2,"{""alpha"":0.001,""l1_ratio"":0.5,""max_iter"":20000}",1.1176949110098255,12,2019-10-01,2020-09-01,50,5,0,core_10,10
2,2021-03-01,elastic_net_core_10,3,"{""alpha"":0.001,""l1_ratio"":0.9,""max_iter"":20000}",1.122147814209232,12,2019-10-01,2020-09-01,50,5,0,core_10,10
2,2021-03-01,elastic_net_core_10,4,"{""alpha"":0.01,""l1_ratio"":0.1,""max_iter"":20000}",1.1137239499482352,12,2019-10-01,2020-09-01,50,5,0,core_10,10
2,2021-03-01,elastic_net_core_10,5,"{""alpha"":0.01,""l1_ratio"":0.5,""max_iter"":20000}",1.1421821871008244,12,2019-10-01,2020-09-01,50,5,0,core_10,10
2,2021-03-01,elastic_net_core_10,6,"{""alpha"":0.01,""l1_ratio"":0.9,""max_iter"":20000}",1.1501147718263662,12,2019-10-01,2020-09-01,50,5,0,core_10,10
2,2021-03-01,elastic_net_core_10,7,"{""alpha"":0.1,""l1_ratio"":0.1,""max_iter"":20000}",1.0889797797908456,12,2019-10-01,2020-09-01,50,5,0,core_10,10
2,2021-03-01,elastic_net_core_10,8,"{""alpha"":0.1,""l1_ratio"":0.5,""max_iter"":20000}",0.866549447674691,12,2019-10-01,2020-09-01,50,5,0,core_10,10
2,2021-03-01,elastic_net_core_10,9,"{""alpha"":0.1,""l1_ratio"":0.9,""max_iter"":20000}",0.7227265442519127,12,2019-10-01,2020-09-01,50,5,1,core_10,10
2,2021-03-01,elastic_net_core_10,10,"{""alpha"":0.5,""l1_ratio"":0.1,""max_iter"":20000}",0.8276710558995964,12,2019-10-01,2020-09-01,50,5,0,core_10,10
2,2021-03-01,elastic_net_core_10,11,"{""alpha"":0.5,""l1_ratio"":0.5,""max_iter"":20000}",0.7227265442519127,12,2019-10-01,2020-09-01,50,5,0,core_10,10
2,2021-03-01,elastic_net_core_10,12,"{""alpha"":0.5,""l1_ratio"":0.9,""max_iter"":20000}",0.7227265442519127,12,2019-10-01,2020-09-01,50,5,0,core_10,10
2,2021-03-01,elastic_net_macro_core_8,1,"{""alpha"":0.001,""l1_ratio"":0.1,""max_iter"":20000}",1.3074484375110338,12,2019-10-01,2020-09-01,50,5,0,macro_core_8,8
2,2021-03-01,elastic_net_macro_core_8,2,"{""alpha"":0.001,""l1_ratio"":0.5,""max_iter"":20000}",1.2963926289915801,12,2019-10-01,2020-09-01,50,5,0,macro_core_8,8
2,2021-03-01,elastic_net_macro_core_8,3,"{""alpha"":0.001,""l1_ratio"":0.9,""max_iter"":20000}",1.2880577757944127,12,2019-10-01,2020-09-01,50,5,0,macro_core_8,8
2,2021-03-01,elastic_net_macro_core_8,4,"{""alpha"":0.01,""l1_ratio"":0.1,""max_iter"":20000}",1.2702253564218073,12,2019-10-01,2020-09-01,50,5,0,macro_core_8,8
2,2021-03-01,elastic_net_macro_core_8,5,"{""alpha"":0.01,""l1_ratio"":0.5,""max_iter"":20000}",1.2528484847839514,12,2019-10-01,2020-09-01,50,5,0,macro_core_8,8
2,2021-03-01,elastic_net_macro_core_8,6,"{""alpha"":0.01,""l1_ratio"":0.9,""max_iter"":20000}",1.2191491625218902,12,2019-10-01,2020-09-01,50,5,0,macro_core_8,8
2,2021-03-01,elastic_net_macro_core_8,7,"{""alpha"":0.1,""l1_ratio"":0.1,""max_iter"":20000}",1.1367441843491317,12,2019-10-01,2020-09-01,50,5,0,macro_core_8,8
2,2021-03-01,elastic_net_macro_core_8,8,"{""alpha"":0.1,""l1_ratio"":0.5,""max_iter"":20000}",0.8665494497546042,12,2019-10-01,2020-09-01,50,5,0,macro_core_8,8
2,2021-03-01,elastic_net_macro_core_8,9,"{""alpha"":0.1,""l1_ratio"":0.9,""max_iter"":20000}",0.7227265442519127,12,2019-10-01,2020-09-01,50,5,1,macro_core_8,8
2,2021-03-01,elastic_net_macro_core_8,10,"{""alpha"":0.5,""l1_ratio"":0.1,""max_iter"":20000}",0.8276710561653164,12,2019-10-01,2020-09-01,50,5,0,macro_core_8,8
2,2021-03-01,elastic_net_macro_core_8,11,"{""alpha"":0.5,""l1_ratio"":0.5,""max_iter"":20000}",0.7227265442519127,12,2019-10-01,2020-09-01,50,5,0,macro_core_8,8
2,2021-03-01,elastic_net_macro_core_8,12,"{""alpha"":0.5,""l1_ratio"":0.9,""max_iter"":20000}",0.7227265442519127,12,2019-10-01,2020-09-01,50,5,0,macro_core_8,8
2,2021-03-01,elastic_net_ar_core_5,1,"{""alpha"":0.001,""l1_ratio"":0.1,""max_iter"":20000}",0.8363435648540678,12,2019-10-01,2020-09-01,50,5,0,ar_core_5,5
2,2021-03-01,elastic_net_ar_core_5,2,"{""alpha"":0.001,""l1_ratio"":0.5,""max_iter"":20000}",0.836104054471788,12,2019-10-01,2020-09-01,50,5,0,ar_core_5,5
2,2021-03-01,elastic_net_ar_core_5,3,"{""alpha"":0.001,""l1_ratio"":0.9,""max_iter"":20000}",0.8358656698112018,12,2019-10-01,2020-09-01,50,5,0,ar_core_5,5
2,2021-03-01,elastic_net_ar_core_5,4,"{""alpha"":0.01,""l1_ratio"":0.1,""max_iter"":20000}",0.8354374395485352,12,2019-10-01,2020-09-01,50,5,0,ar_core_5,5
2,2021-03-01,elastic_net_ar_core_5,5,"{""alpha"":0.01,""l1_ratio"":0.5,""max_iter"":20000}",0.8323856138187962,12,2019-10-01,2020-09-01,50,5,0,ar_core_5,5
2,2021-03-01,elastic_net_ar_core_5,6,"{""alpha"":0.01,""l1_ratio"":0.9,""max_iter"":20000}",0.8307296830406834,12,2019-10-01,2020-09-01,50,5,0,ar_core_5,5
2,2021-03-01,elastic_net_ar_core_5,7,"{""alpha"":0.1,""l1_ratio"":0.1,""max_iter"":20000}",0.8230902766851839,12,2019-10-01,2020-09-01,50,5,0,ar_core_5,5
2,2021-03-01,elastic_net_ar_core_5,8,"{""alpha"":0.1,""l1_ratio"":0.5,""max_iter"":20000}",0.7501549655304413,12,2019-10-01,2020-09-01,50,5,0,ar_core_5,5
2,2021-03-01,elastic_net_ar_core_5,9,"{""alpha"":0.1,""l1_ratio"":0.9,""max_iter"":20000}",0.7227265442519127,12,2019-10-01,2020-09-01,50,5,1,ar_core_5,5
2,2021-03-01,elastic_net_ar_core_5,10,"{""alpha"":0.5,""l1_ratio"":0.1,""max_iter"":20000}",0.742602001720334,12,2019-10-01,2020-09-01,50,5,0,ar_core_5,5
2,2021-03-01,elastic_net_ar_core_5,11,"{""alpha"":0.5,""l1_ratio"":0.5,""max_iter"":20000}",0.7227265442519127,12,2019-10-01,2020-09-01,50,5,0,ar_core_5,5
2,2021-03-01,elastic_net_ar_core_5,12,"{""alpha"":0.5,""l1_ratio"":0.9,""max_iter"":20000}",0.7227265442519127,12,2019-10-01,2020-09-01,50,5,0,ar_core_5,5
3,2022-03-01,elastic_net_full_23,1,"{""alpha"":0.001,""l1_ratio"":0.1,""max_iter"":20000}",1.8043705558750613,12,2020-10-01,2021-09-01,62,5,0,full_23,23
3,2022-03-01,elastic_net_full_23,2,"{""alpha"":0.001,""l1_ratio"":0.5,""max_iter"":20000}",1.7735801648727954,12,2020-10-01,2021-09-01,62,5,0,full_23,23
3,2022-03-01,elastic_net_full_23,3,"{""alpha"":0.001,""l1_ratio"":0.9,""max_iter"":20000}",1.7329050751000803,12,2020-10-01,2021-09-01,62,5,0,full_23,23
3,2022-03-01,elastic_net_full_23,4,"{""alpha"":0.01,""l1_ratio"":0.1,""max_iter"":20000}",1.5923483988947937,12,2020-10-01,2021-09-01,62,5,0,full_23,23
3,2022-03-01,elastic_net_full_23,5,"{""alpha"":0.01,""l1_ratio"":0.5,""max_iter"":20000}",1.2623033671227162,12,2020-10-01,2021-09-01,62,5,0,full_23,23
3,2022-03-01,elastic_net_full_23,6,"{""alpha"":0.01,""l1_ratio"":0.9,""max_iter"":20000}",1.017794469480459,12,2020-10-01,2021-09-01,62,5,0,full_23,23
3,2022-03-01,elastic_net_full_23,7,"{""alpha"":0.1,""l1_ratio"":0.1,""max_iter"":20000}",0.8680717042456356,12,2020-10-01,2021-09-01,62,5,0,full_23,23
3,2022-03-01,elastic_net_full_23,8,"{""alpha"":0.1,""l1_ratio"":0.5,""max_iter"":20000}",0.7020395220553378,12,2020-10-01,2021-09-01,62,5,0,full_23,23
3,2022-03-01,elastic_net_full_23,9,"{""alpha"":0.1,""l1_ratio"":0.9,""max_iter"":20000}",0.6828263412864461,12,2020-10-01,2021-09-01,62,5,0,full_23,23
3,2022-03-01,elastic_net_full_23,10,"{""alpha"":0.5,""l1_ratio"":0.1,""max_iter"":20000}",0.5111237932340564,12,2020-10-01,2021-09-01,62,5,0,full_23,23
3,2022-03-01,elastic_net_full_23,11,"{""alpha"":0.5,""l1_ratio"":0.5,""max_iter"":20000}",0.15804265683838964,12,2020-10-01,2021-09-01,62,5,1,full_23,23
3,2022-03-01,elastic_net_full_23,12,"{""alpha"":0.5,""l1_ratio"":0.9,""max_iter"":20000}",0.16423648323919746,12,2020-10-01,2021-09-01,62,5,0,full_23,23
3,2022-03-01,elastic_net_core_10,1,"{""alpha"":0.001,""l1_ratio"":0.1,""max_iter"":20000}",1.3198218689536936,12,2020-10-01,2021-09-01,62,5,0,core_10,10
3,2022-03-01,elastic_net_core_10,2,"{""alpha"":0.001,""l1_ratio"":0.5,""max_iter"":20000}",1.29550793732593,12,2020-10-01,2021-09-01,62,5,0,core_10,10
3,2022-03-01,elastic_net_core_10,3,"{""alpha"":0.001,""l1_ratio"":0.9,""max_iter"":20000}",1.2717109904803623,12,2020-10-01,2021-09-01,62,5,0,core_10,10
3,2022-03-01,elastic_net_core_10,4,"{""alpha"":0.01,""l1_ratio"":0.1,""max_iter"":20000}",1.1582092249015672,12,2020-10-01,2021-09-01,62,5,0,core_10,10
3,2022-03-01,elastic_net_core_10,5,"{""alpha"":0.01,""l1_ratio"":0.5,""max_iter"":20000}",1.0237348718221126,12,2020-10-01,2021-09-01,62,5,0,core_10,10
3,2022-03-01,elastic_net_core_10,6,"{""alpha"":0.01,""l1_ratio"":0.9,""max_iter"":20000}",0.8856006100017345,12,2020-10-01,2021-09-01,62,5,0,core_10,10
3,2022-03-01,elastic_net_core_10,7,"{""alpha"":0.1,""l1_ratio"":0.1,""max_iter"":20000}",0.6300391077483046,12,2020-10-01,2021-09-01,62,5,0,core_10,10
3,2022-03-01,elastic_net_core_10,8,"{""alpha"":0.1,""l1_ratio"":0.5,""max_iter"":20000}",0.5912470937863387,12,2020-10-01,2021-09-01,62,5,0,core_10,10
3,2022-03-01,elastic_net_core_10,9,"{""alpha"":0.1,""l1_ratio"":0.9,""max_iter"":20000}",0.6033774668351949,12,2020-10-01,2021-09-01,62,5,0,core_10,10
3,2022-03-01,elastic_net_core_10,10,"{""alpha"":0.5,""l1_ratio"":0.1,""max_iter"":20000}",0.3875281271574366,12,2020-10-01,2021-09-01,62,5,0,core_10,10
3,2022-03-01,elastic_net_core_10,11,"{""alpha"":0.5,""l1_ratio"":0.5,""max_iter"":20000}",0.1546598380247903,12,2020-10-01,2021-09-01,62,5,1,core_10,10
3,2022-03-01,elastic_net_core_10,12,"{""alpha"":0.5,""l1_ratio"":0.9,""max_iter"":20000}",0.16423648323919746,12,2020-10-01,2021-09-01,62,5,0,core_10,10
3,2022-03-01,elastic_net_macro_core_8,1,"{""alpha"":0.001,""l1_ratio"":0.1,""max_iter"":20000}",0.6886552253153253,12,2020-10-01,2021-09-01,62,5,0,macro_core_8,8
3,2022-03-01,elastic_net_macro_core_8,2,"{""alpha"":0.001,""l1_ratio"":0.5,""max_iter"":20000}",0.6950185310064478,12,2020-10-01,2021-09-01,62,5,0,macro_core_8,8
3,2022-03-01,elastic_net_macro_core_8,3,"{""alpha"":0.001,""l1_ratio"":0.9,""max_iter"":20000}",0.698742053991365,12,2020-10-01,2021-09-01,62,5,0,macro_core_8,8
3,2022-03-01,elastic_net_macro_core_8,4,"{""alpha"":0.01,""l1_ratio"":0.1,""max_iter"":20000}",0.6677696876353152,12,2020-10-01,2021-09-01,62,5,0,macro_core_8,8
3,2022-03-01,elastic_net_macro_core_8,5,"{""alpha"":0.01,""l1_ratio"":0.5,""max_iter"":20000}",0.7101031105446259,12,2020-10-01,2021-09-01,62,5,0,macro_core_8,8
3,2022-03-01,elastic_net_macro_core_8,6,"{""alpha"":0.01,""l1_ratio"":0.9,""max_iter"":20000}",0.7129180423338056,12,2020-10-01,2021-09-01,62,5,0,macro_core_8,8
3,2022-03-01,elastic_net_macro_core_8,7,"{""alpha"":0.1,""l1_ratio"":0.1,""max_iter"":20000}",0.6280398306121139,12,2020-10-01,2021-09-01,62,5,0,macro_core_8,8
3,2022-03-01,elastic_net_macro_core_8,8,"{""alpha"":0.1,""l1_ratio"":0.5,""max_iter"":20000}",0.592037291718672,12,2020-10-01,2021-09-01,62,5,0,macro_core_8,8
3,2022-03-01,elastic_net_macro_core_8,9,"{""alpha"":0.1,""l1_ratio"":0.9,""max_iter"":20000}",0.6033508069958693,12,2020-10-01,2021-09-01,62,5,0,macro_core_8,8
3,2022-03-01,elastic_net_macro_core_8,10,"{""alpha"":0.5,""l1_ratio"":0.1,""max_iter"":20000}",0.4151097639104442,12,2020-10-01,2021-09-01,62,5,0,macro_core_8,8
3,2022-03-01,elastic_net_macro_core_8,11,"{""alpha"":0.5,""l1_ratio"":0.5,""max_iter"":20000}",0.1546598380247903,12,2020-10-01,2021-09-01,62,5,1,macro_core_8,8
3,2022-03-01,elastic_net_macro_core_8,12,"{""alpha"":0.5,""l1_ratio"":0.9,""max_iter"":20000}",0.16423648323919746,12,2020-10-01,2021-09-01,62,5,0,macro_core_8,8
3,2022-03-01,elastic_net_ar_core_5,1,"{""alpha"":0.001,""l1_ratio"":0.1,""max_iter"":20000}",0.5992036752625248,12,2020-10-01,2021-09-01,62,5,0,ar_core_5,5
3,2022-03-01,elastic_net_ar_core_5,2,"{""alpha"":0.001,""l1_ratio"":0.5,""max_iter"":20000}",0.5973029113676467,12,2020-10-01,2021-09-01,62,5,0,ar_core_5,5
3,2022-03-01,elastic_net_ar_core_5,3,"{""alpha"":0.001,""l1_ratio"":0.9,""max_iter"":20000}",0.5955820588889152,12,2020-10-01,2021-09-01,62,5,0,ar_core_5,5
3,2022-03-01,elastic_net_ar_core_5,4,"{""alpha"":0.01,""l1_ratio"":0.1,""max_iter"":20000}",0.5909106934955942,12,2020-10-01,2021-09-01,62,5,0,ar_core_5,5
3,2022-03-01,elastic_net_ar_core_5,5,"{""alpha"":0.01,""l1_ratio"":0.5,""max_iter"":20000}",0.5786417597766317,12,2020-10-01,2021-09-01,62,5,0,ar_core_5,5
3,2022-03-01,elastic_net_ar_core_5,6,"{""alpha"":0.01,""l1_ratio"":0.9,""max_iter"":20000}",0.5689199771959951,12,2020-10-01,2021-09-01,62,5,0,ar_core_5,5
3,2022-03-01,elastic_net_ar_core_5,7,"{""alpha"":0.1,""l1_ratio"":0.1,""max_iter"":20000}",0.5309784090588335,12,2020-10-01,2021-09-01,62,5,0,ar_core_5,5
3,2022-03-01,elastic_net_ar_core_5,8,"{""alpha"":0.1,""l1_ratio"":0.5,""max_iter"":20000}",0.4561556649270992,12,2020-10-01,2021-09-01,62,5,0,ar_core_5,5
3,2022-03-01,elastic_net_ar_core_5,9,"{""alpha"":0.1,""l1_ratio"":0.9,""max_iter"":20000}",0.49160221766920725,12,2020-10-01,2021-09-01,62,5,0,ar_core_5,5
3,2022-03-01,elastic_net_ar_core_5,10,"{""alpha"":0.5,""l1_ratio"":0.1,""max_iter"":20000}",0.3420404574998464,12,2020-10-01,2021-09-01,62,5,0,ar_core_5,5
3,2022-03-01,elastic_net_ar_core_5,11,"{""alpha"":0.5,""l1_ratio"":0.5,""max_iter"":20000}",0.16423648323919746,12,2020-10-01,2021-09-01,62,5,1,ar_core_5,5
3,2022-03-01,elastic_net_ar_core_5,12,"{""alpha"":0.5,""l1_ratio"":0.9,""max_iter"":20000}",0.16423648323919746,12,2020-10-01,2021-09-01,62,5,0,ar_core_5,5
4,2023-03-01,elastic_net_full_23,1,"{""alpha"":0.001,""l1_ratio"":0.1,""max_iter"":20000}",0.47109785669045184,12,2021-10-01,2022-09-01,74,5,0,full_23,23
4,2023-03-01,elastic_net_full_23,2,"{""alpha"":0.001,""l1_ratio"":0.5,""max_iter"":20000}",0.42117554161375953,12,2021-10-01,2022-09-01,74,5,0,full_23,23
4,2023-03-01,elastic_net_full_23,3,"{""alpha"":0.001,""l1_ratio"":0.9,""max_iter"":20000}",0.3965156063339193,12,2021-10-01,2022-09-01,74,5,0,full_23,23
4,2023-03-01,elastic_net_full_23,4,"{""alpha"":0.01,""l1_ratio"":0.1,""max_iter"":20000}",0.4057240838750846,12,2021-10-01,2022-09-01,74,5,0,full_23,23
4,2023-03-01,elastic_net_full_23,5,"{""alpha"":0.01,""l1_ratio"":0.5,""max_iter"":20000}",0.3629619343910766,12,2021-10-01,2022-09-01,74,5,0,full_23,23
4,2023-03-01,elastic_net_full_23,6,"{""alpha"":0.01,""l1_ratio"":0.9,""max_iter"":20000}",0.3542618418219717,12,2021-10-01,2022-09-01,74,5,0,full_23,23
4,2023-03-01,elastic_net_full_23,7,"{""alpha"":0.1,""l1_ratio"":0.1,""max_iter"":20000}",0.36528238032008753,12,2021-10-01,2022-09-01,74,5,0,full_23,23
4,2023-03-01,elastic_net_full_23,8,"{""alpha"":0.1,""l1_ratio"":0.5,""max_iter"":20000}",0.27639496338259234,12,2021-10-01,2022-09-01,74,5,0,full_23,23
4,2023-03-01,elastic_net_full_23,9,"{""alpha"":0.1,""l1_ratio"":0.9,""max_iter"":20000}",0.27408838438516553,12,2021-10-01,2022-09-01,74,5,1,full_23,23
4,2023-03-01,elastic_net_full_23,10,"{""alpha"":0.5,""l1_ratio"":0.1,""max_iter"":20000}",0.29653787604389753,12,2021-10-01,2022-09-01,74,5,0,full_23,23
4,2023-03-01,elastic_net_full_23,11,"{""alpha"":0.5,""l1_ratio"":0.5,""max_iter"":20000}",0.7311571727569236,12,2021-10-01,2022-09-01,74,5,0,full_23,23
4,2023-03-01,elastic_net_full_23,12,"{""alpha"":0.5,""l1_ratio"":0.9,""max_iter"":20000}",0.7325738977026462,12,2021-10-01,2022-09-01,74,5,0,full_23,23
4,2023-03-01,elastic_net_core_10,1,"{""alpha"":0.001,""l1_ratio"":0.1,""max_iter"":20000}",0.7705341511855908,12,2021-10-01,2022-09-01,74,5,0,core_10,10
4,2023-03-01,elastic_net_core_10,2,"{""alpha"":0.001,""l1_ratio"":0.5,""max_iter"":20000}",0.7629614876603988,12,2021-10-01,2022-09-01,74,5,0,core_10,10
4,2023-03-01,elastic_net_core_10,3,"{""alpha"":0.001,""l1_ratio"":0.9,""max_iter"":20000}",0.7583081853250322,12,2021-10-01,2022-09-01,74,5,0,core_10,10
4,2023-03-01,elastic_net_core_10,4,"{""alpha"":0.01,""l1_ratio"":0.1,""max_iter"":20000}",0.7873934362985322,12,2021-10-01,2022-09-01,74,5,0,core_10,10
4,2023-03-01,elastic_net_core_10,5,"{""alpha"":0.01,""l1_ratio"":0.5,""max_iter"":20000}",0.6995137745699633,12,2021-10-01,2022-09-01,74,5,0,core_10,10
4,2023-03-01,elastic_net_core_10,6,"{""alpha"":0.01,""l1_ratio"":0.9,""max_iter"":20000}",0.5933371306008809,12,2021-10-01,2022-09-01,74,5,0,core_10,10
4,2023-03-01,elastic_net_core_10,7,"{""alpha"":0.1,""l1_ratio"":0.1,""max_iter"":20000}",0.6024589106639159,12,2021-10-01,2022-09-01,74,5,0,core_10,10
4,2023-03-01,elastic_net_core_10,8,"{""alpha"":0.1,""l1_ratio"":0.5,""max_iter"":20000}",0.5002595915375386,12,2021-10-01,2022-09-01,74,5,0,core_10,10
4,2023-03-01,elastic_net_core_10,9,"{""alpha"":0.1,""l1_ratio"":0.9,""max_iter"":20000}",0.5633567842782105,12,2021-10-01,2022-09-01,74,5,0,core_10,10
4,2023-03-01,elastic_net_core_10,10,"{""alpha"":0.5,""l1_ratio"":0.1,""max_iter"":20000}",0.48012237849877776,12,2021-10-01,2022-09-01,74,5,1,core_10,10
4,2023-03-01,elastic_net_core_10,11,"{""alpha"":0.5,""l1_ratio"":0.5,""max_iter"":20000}",0.7311571727569236,12,2021-10-01,2022-09-01,74,5,0,core_10,10
4,2023-03-01,elastic_net_core_10,12,"{""alpha"":0.5,""l1_ratio"":0.9,""max_iter"":20000}",0.7325738977026462,12,2021-10-01,2022-09-01,74,5,0,core_10,10
4,2023-03-01,elastic_net_macro_core_8,1,"{""alpha"":0.001,""l1_ratio"":0.1,""max_iter"":20000}",0.8757342476789017,12,2021-10-01,2022-09-01,74,5,0,macro_core_8,8
4,2023-03-01,elastic_net_macro_core_8,2,"{""alpha"":0.001,""l1_ratio"":0.5,""max_iter"":20000}",0.8505925305424271,12,2021-10-01,2022-09-01,74,5,0,macro_core_8,8
4,2023-03-01,elastic_net_macro_core_8,3,"{""alpha"":0.001,""l1_ratio"":0.9,""max_iter"":20000}",0.8269067276888483,12,2021-10-01,2022-09-01,74,5,0,macro_core_8,8
4,2023-03-01,elastic_net_macro_core_8,4,"{""alpha"":0.01,""l1_ratio"":0.1,""max_iter"":20000}",0.767696969262542,12,2021-10-01,2022-09-01,74,5,0,macro_core_8,8
4,2023-03-01,elastic_net_macro_core_8,5,"{""alpha"":0.01,""l1_ratio"":0.5,""max_iter"":20000}",0.6364570521583376,12,2021-10-01,2022-09-01,74,5,0,macro_core_8,8
4,2023-03-01,elastic_net_macro_core_8,6,"{""alpha"":0.01,""l1_ratio"":0.9,""max_iter"":20000}",0.5449453170565935,12,2021-10-01,2022-09-01,74,5,0,macro_core_8,8
4,2023-03-01,elastic_net_macro_core_8,7,"{""alpha"":0.1,""l1_ratio"":0.1,""max_iter"":20000}",0.4366634454463623,12,2021-10-01,2022-09-01,74,5,0,macro_core_8,8
4,2023-03-01,elastic_net_macro_core_8,8,"{""alpha"":0.1,""l1_ratio"":0.5,""max_iter"":20000}",0.4267222117139516,12,2021-10-01,2022-09-01,74,5,0,macro_core_8,8
4,2023-03-01,elastic_net_macro_core_8,9,"{""alpha"":0.1,""l1_ratio"":0.9,""max_iter"":20000}",0.5005707200790395,12,2021-10-01,2022-09-01,74,5,0,macro_core_8,8
4,2023-03-01,elastic_net_macro_core_8,10,"{""alpha"":0.5,""l1_ratio"":0.1,""max_iter"":20000}",0.41788064041431244,12,2021-10-01,2022-09-01,74,5,1,macro_core_8,8
4,2023-03-01,elastic_net_macro_core_8,11,"{""alpha"":0.5,""l1_ratio"":0.5,""max_iter"":20000}",0.7311571727569236,12,2021-10-01,2022-09-01,74,5,0,macro_core_8,8
4,2023-03-01,elastic_net_macro_core_8,12,"{""alpha"":0.5,""l1_ratio"":0.9,""max_iter"":20000}",0.7325738977026462,12,2021-10-01,2022-09-01,74,5,0,macro_core_8,8
4,2023-03-01,elastic_net_ar_core_5,1,"{""alpha"":0.001,""l1_ratio"":0.1,""max_iter"":20000}",0.6887152137807923,12,2021-10-01,2022-09-01,74,5,0,ar_core_5,5
4,2023-03-01,elastic_net_ar_core_5,2,"{""alpha"":0.001,""l1_ratio"":0.5,""max_iter"":20000}",0.6852992982166398,12,2021-10-01,2022-09-01,74,5,0,ar_core_5,5
4,2023-03-01,elastic_net_ar_core_5,3,"{""alpha"":0.001,""l1_ratio"":0.9,""max_iter"":20000}",0.6818554075050769,12,2021-10-01,2022-09-01,74,5,0,ar_core_5,5
4,2023-03-01,elastic_net_ar_core_5,4,"{""alpha"":0.01,""l1_ratio"":0.1,""max_iter"":20000}",0.6603398550861009,12,2021-10-01,2022-09-01,74,5,0,ar_core_5,5
4,2023-03-01,elastic_net_ar_core_5,5,"{""alpha"":0.01,""l1_ratio"":0.5,""max_iter"":20000}",0.6292568828250297,12,2021-10-01,2022-09-01,74,5,0,ar_core_5,5
4,2023-03-01,elastic_net_ar_core_5,6,"{""alpha"":0.01,""l1_ratio"":0.9,""max_iter"":20000}",0.5988350278823135,12,2021-10-01,2022-09-01,74,5,0,ar_core_5,5
4,2023-03-01,elastic_net_ar_core_5,7,"{""alpha"":0.1,""l1_ratio"":0.1,""max_iter"":20000}",0.4622663390423832,12,2021-10-01,2022-09-01,74,5,0,ar_core_5,5
4,2023-03-01,elastic_net_ar_core_5,8,"{""alpha"":0.1,""l1_ratio"":0.5,""max_iter"":20000}",0.28615924848284724,12,2021-10-01,2022-09-01,74,5,1,ar_core_5,5
4,2023-03-01,elastic_net_ar_core_5,9,"{""alpha"":0.1,""l1_ratio"":0.9,""max_iter"":20000}",0.42911778829543784,12,2021-10-01,2022-09-01,74,5,0,ar_core_5,5
4,2023-03-01,elastic_net_ar_core_5,10,"{""alpha"":0.5,""l1_ratio"":0.1,""max_iter"":20000}",0.29877458256870565,12,2021-10-01,2022-09-01,74,5,0,ar_core_5,5
4,2023-03-01,elastic_net_ar_core_5,11,"{""alpha"":0.5,""l1_ratio"":0.5,""max_iter"":20000}",0.7325738977026462,12,2021-10-01,2022-09-01,74,5,0,ar_core_5,5
4,2023-03-01,elastic_net_ar_core_5,12,"{""alpha"":0.5,""l1_ratio"":0.9,""max_iter"":20000}",0.7325738977026462,12,2021-10-01,2022-09-01,74,5,0,ar_core_5,5
